DropPod ID,Item ID,Item Type,Amount,X,Y,Z,Dist to DropPod(m),Act. Dist to DropPod(m),Dist to Artificial Pod (m),Only Real Pods,Doggo Pods
BP_DropPod13 (144m),FGItemPickup_Spawnable108,CircuitBoard,10,56129.52734,-50151.35156,13758.75,16,15,15,1460.926469,1460.926469
BP_DropPod15_821 (-18m),FGItemPickup_Spawnable11,IronPlateReinforced,24,-187606.3906,114795.3672,-1386.001221,23,23,23,2255.29268,2255.29268
BP_DropPod21_2 (35m),FGItemPickup_Spawnable114,IronPlateReinforced,10,295009.2813,-163982.7656,3519.533447,84,84,84,8395.580733,8395.580733
BP_DropPod21_2 (35m),FGItemPickup_Spawnable115,ModularFrame,10,295110.7188,-163129.5938,3514.552002,93,93,93,9251.688309,9251.688309
BP_DropPod21_2 (35m),FGItemPickup_Spawnable119,IronScrew,280,295677.9688,-165458.2969,3520.131348,70,70,70,6976.844099,6976.844099
BP_DropPod21_2 (35m),FGItemPickup_Spawnable125,ModularFrame,10,295776.0625,-167728.7656,3559.474854,48,48,48,4755.406368,4755.406368
BP_DropPod4_9 (-71m),FGItemPickup_Spawnable158,Wire,417,119567.4219,221975.4063,-7437.616211,13,12,12,1219.491588,1219.491588
BP_DropPod4_7 (81m),FGItemPickup_Spawnable163,Cable,57,96825.85156,-145832.3281,7979.897949,11,11,11,1051.817017,1051.817017
BP_DropPod4_7 (81m),FGItemPickup_Spawnable166,ModularFrameHeavy,15,99183.14844,-147434.9531,10351.44727,29,18,18,1837.023865,1837.023865
BP_DropPod3_3 (82m),FGItemPickup_Spawnable170,AluminumPlateReinforced,9,125943.5859,-34720.74219,8162.869629,5,5,5,501.3997673,501.3997673
BP_DropPod3_3 (82m),FGItemPickup_Spawnable171,Cable,51,125764.4844,-35113.58984,8170.084961,3,3,3,313.5692256,313.5692256
BP_DropPod3_3 (82m),FGItemPickup_Spawnable172,IronScrew,216,125050.125,-34622.03906,8233.669922,6,6,6,554.2222403,554.2222403
BP_DropPod3_3 (82m),FGItemPickup_Spawnable173,Cable,72,126596.2109,-35364,8106.15918,12,12,12,1174.480746,1174.480746
BP_DropPod3_3 (82m),FGItemPickup_Spawnable174,Wire,255,125352.2578,-36091.03906,8045.483887,12,12,12,1150.841933,1150.841933
BP_DropPod3_3 (82m),FGItemPickup_Spawnable175,ModularFrame,7,124111.8438,-35387.64844,7921.194336,15,15,15,1453.171241,1453.171241
BP_DropPod3_5 (175m),FGItemPickup_Spawnable176,ModularFrame,9,26611.44922,195720.9063,16931.37891,31,31,31,3088.850391,3088.850391
BP_DropPod21_2 (35m),FGItemPickup_Spawnable182,Motor,8,296062.7813,-166729.5938,3519.531738,58,58,58,5793.130937,5793.130937
BP_DropPod4_9 (-71m),FGItemPickup_Spawnable183,CircuitBoard,30,117618.7891,221585.0781,-7412.302246,9,8,8,798.1893931,798.1893931
BP_DropPod21_2 (35m),FGItemPickup_Spawnable184,IronPlateReinforced,12,294514.2813,-165112.7656,3519.534424,73,73,73,7266.132253,7266.132253
BP_DropPod10 (100m),FGItemPickup_Spawnable185,ModularFrameHeavy,6,234882.2031,-313032.1563,9920.204102,18,18,18,1810.090532,1810.090532
BP_DropPod10 (100m),FGItemPickup_Spawnable186,CircuitBoardHighSpeed,9,235953.0156,-313224.875,9964.050781,11,11,11,1133.609607,1133.609607
BP_DropPod4_9 (-71m),FGItemPickup_Spawnable187,AluminumPlateReinforced,6,118025.7344,221668.8125,-7381.54541,5,4,4,401.2710389,401.2710389
BP_DropPod4_6 (14m),FGItemPickup_Spawnable188,CircuitBoardHighSpeed,19,90397.125,187805.0469,1741.690186,24,24,24,2351.18007,2351.18007
BP_DropPod1_3 (63m),FGItemPickup_Spawnable190,HighSpeedConnector,23,47018.8125,222611.7344,4039.317871,23,7,7,681.2601113,681.2601113
BP_DropPod24_1 (211m),FGItemPickup_Spawnable216_0,ModularFrameHeavy,6,173597.2031,-276759.7188,21471.4375,14,14,14,1389.28021,1389.28021
BP_DropPod16_4595 (-10m),FGItemPickup_Spawnable220,Wire,216,28168.42969,267939.0313,-1062.110229,24,24,24,2415.73439,2415.73439
BP_DropPod17_7892 (32m),FGItemPickup_Spawnable221_221,CircuitBoard,9,-108362.8125,215959.7813,3126.456055,20,20,20,1960.997333,1960.997333
BP_DropPod16_4595 (-10m),FGItemPickup_Spawnable222,CircuitBoard,15,34118.46875,268657.0938,-1471.355225,41,41,41,4095.762331,4095.762331
BP_DropPod17_7892 (32m),FGItemPickup_Spawnable223,SteelPlateReinforced,7,-108891.0938,212896.9219,3242.980469,12,12,12,1156.855106,1156.855106
BP_DropPod17_7892 (32m),FGItemPickup_Spawnable224,Wire,204,-109053.2656,213740.9844,3227.959717,4,4,4,392.3971584,392.3971584
BP_DropPod5_740 (99m),FGItemPickup_Spawnable225,ModularFrame,14,-153613.3281,73553.20313,10522.92188,22,21,21,2077.322573,2077.322573
BP_DropPod5_740 (99m),FGItemPickup_Spawnable226,ModularFrame,15,-152207.7031,72852.21875,10106.65332,6,5,5,530.436429,530.436429
BP_DropPod6_2102 (102m),FGItemPickup_Spawnable227,ModularFrame,13,-110481.9297,109933.7813,9562.341797,28,27,27,2724.55947,2724.55947
BP_DropPod6_2102 (102m),FGItemPickup_Spawnable228,SteelPlateReinforced,17,-109598.3672,109049.6016,9923.166992,15,15,15,1487.855908,1487.855908
BP_DropPod6_2102 (102m),FGItemPickup_Spawnable229,IronPlateReinforced,9,-109462.1172,110878.5156,9719.889648,32,31,31,3143.748914,3143.748914
BP_DropPod7_5615 (0m),FGItemPickup_Spawnable242,IronPlateReinforced,21,-114283.7344,167194.9219,373.7059326,77,77,77,7715.309005,7715.309005
BP_DropPod9_1568 (48m),FGItemPickup_Spawnable243,Cable,99,-129604.3984,59803.33984,4801.326172,6,6,6,608.5300857,608.5300857
BP_DropPod1_3 (63m),FGItemPickup_Spawnable244,Motor,9,47016.53125,222149.6875,6120.261719,3,3,3,274.7116282,274.7116282
BP_DropPod1_3 (63m),FGItemPickup_Spawnable245,Cable,69,46692.16016,223604.5,4110.371582,27,16,16,1648.086037,1648.086037
BP_DropPod5_740 (99m),FGItemPickup_Spawnable246,IronScrew,267,-160155.625,66090.1875,3552.479492,123,105,10,10478.20848,976.4333315
BP_DropPod5_740 (99m),FGItemPickup_Spawnable247,Motor,32,-160579.4531,66578.96094,3558.762939,123,105,8,10536.7864,820.6578837
BP_DropPod5_740 (99m),FGItemPickup_Spawnable248,Computer,12,-160847.5781,66365.05469,3560.591553,126,109,5,10878.71217,486.2641482
BP_DropPod5_740 (99m),FGItemPickup_Spawnable249,ModularFrame,14,-160786.3438,66741.14063,3563.68335,124,106,8,10620.6499,846.4076955
BP_DropPod5_740 (99m),FGItemPickup_Spawnable250,IronPlateReinforced,40,-161236.5469,66348.99219,3614.402588,129,112,4,11211.59079,400.1459817
BP_DropPod5_740 (99m),FGItemPickup_Spawnable251,SteelPlateReinforced,20,-160140.7344,66695.96094,3577.893311,119,101,12,10108.6808,1225.200039
BP_DropPod5_740 (99m),FGItemPickup_Spawnable252,Wire,342,-160480.3281,66054.00781,3556.714844,125,108,6,10759.18251,649.7968183
BP_DropPod5_740 (99m),FGItemPickup_Spawnable253,Computer,32,-188903.8906,72700.26563,-192.7613525,384,371,12,37062.61839,1204.107387
BP_DropPod5_740 (99m),FGItemPickup_Spawnable254,Motor,30,-188274.125,71648.67969,-573.2214355,379,364,7,36441.33666,740.945454
BP_DropPod5_740 (99m),FGItemPickup_Spawnable255,ModularFrame,12,-188760.6094,72126.29688,-266.9188843,383,369,7,36920.1907,670.489106
BP_DropPod5_740 (99m),FGItemPickup_Spawnable256,ModularFrame,16,-188123.1563,72729.07031,-631.2926636,378,363,15,36282.09559,1509.790946
BP_DropPod5_740 (99m),FGItemPickup_Spawnable257,IronPlateReinforced,19,-185115.7813,70321.67969,-1105.69519,351,333,27,33342.93348,2659.707114
BP_DropPod5_740 (99m),FGItemPickup_Spawnable258,IronPlateReinforced,40,-188075.125,72176.28125,-527.7097778,377,362,11,36234.29932,1145.753069
BP_DropPod4_9 (-71m),FGItemPickup_Spawnable270,CircuitBoardHighSpeed,15,118680.0469,222372.0156,-7158.508301,6,6,6,571.6940517,571.6940517
BP_DropPod4_9 (-71m),FGItemPickup_Spawnable271,Motor,8,118042.625,220952.4375,-7432.633301,11,10,10,1001.149497,1001.149497
BP_DropPod4_9 (-71m),FGItemPickup_Spawnable272,IronPlateReinforced,18,119693.8359,222749.5,-7419.046875,16,16,16,1587.0688,1587.0688
BP_DropPod4_7 (81m),FGItemPickup_Spawnable274,Computer,18,97495.74219,-148658.875,10382.42871,31,21,21,2063.113769,2063.113769
BP_DropPod5_10 (-93m),FGItemPickup_Spawnable277,IronPlateReinforced,33,157612.2813,192099.7188,-9372.879883,11,11,11,1094.176261,1094.176261
BP_DropPod5_10 (-93m),FGItemPickup_Spawnable278,IronPlateReinforced,24,159029.5625,192129.125,-9206.481445,25,25,25,2486.290675,2486.290675
BP_DropPod5_10 (-93m),FGItemPickup_Spawnable279,IronScrew,497,158099,191209.8438,-9148.780273,16,16,16,1627.925997,1627.925997
BP_DropPod5_10 (-93m),FGItemPickup_Spawnable280,Wire,335,156067.2031,193993.7656,-9727.74707,23,23,23,2281.991428,2281.991428
BP_DropPod2_11 (-32m),FGItemPickup_Spawnable281,IronScrew,192,184356.0313,221502.2813,-3815.604492,35,35,35,3454.541409,3454.541409
BP_DropPod2_11 (-32m),FGItemPickup_Spawnable282,IronPlateReinforced,9,185714.5156,222854.6875,-3540.82959,16,16,16,1563.340419,1563.340419
BP_DropPod2_11 (-32m),FGItemPickup_Spawnable283,ModularFrame,9,187018.2813,222832.0938,-3280.507568,8,8,8,825.5185938,825.5185938
BP_DropPod2_11 (-32m),FGItemPickup_Spawnable284,Wire,344,185256.7969,223715.9063,-3946.54834,19,18,18,1800.615762,1800.615762
BP_DropPod2_11 (-32m),FGItemPickup_Spawnable285,ModularFrame,12,185355.3281,223475.7031,-3857.445557,18,17,17,1710.716936,1710.716936
BP_DropPod2_11 (-32m),FGItemPickup_Spawnable286,Cable,72,185571.6094,221613.1563,-3564.143799,26,25,25,2526.047382,2526.047382
BP_DropPod1_8 (-98m),FGItemPickup_Spawnable287,AluminumPlateReinforced,5,177000.7813,242714.2031,-9722.714844,8,8,8,803.945932,803.945932
BP_DropPod1_8 (-98m),FGItemPickup_Spawnable288,Wire,222,175828.0469,243234.3906,-9810.514648,6,6,6,596.6022796,596.6022796
BP_DropPod1_8 (-98m),FGItemPickup_Spawnable289,Computer,7,177267.5,243277.4688,-9676.199219,9,8,8,844.1489114,844.1489114
BP_DropPod1_8 (-98m),FGItemPickup_Spawnable290,IronPlateReinforced,15,175180.4375,243729.4688,-9790.040039,13,13,13,1323.888901,1323.888901
BP_DropPod1_8 (-98m),FGItemPickup_Spawnable291,SteelPlateReinforced,15,177138.6875,243035.9688,-9703.827148,8,8,8,753.7620758,753.7620758
BP_DropPod5_10 (-93m),FGItemPickup_Spawnable292,SteelPlateReinforced,12,156533.4219,190941.5625,-9205.544922,8,8,8,827.0122623,827.0122623
BP_DropPod5_10 (-93m),FGItemPickup_Spawnable293,Computer,21,157726.3281,190897.5938,-9131.774414,15,14,14,1447.439803,1447.439803
BP_DropPod10 (100m),FGItemPickup_Spawnable363,CircuitBoardHighSpeed,10,235412.0781,-313192.0938,9968.087891,15,15,15,1454.089521,1454.089521
BP_DropPod10 (100m),FGItemPickup_Spawnable364,Computer,16,234464,-313291.3125,9923.532227,23,23,23,2300.164186,2300.164186
BP_DropPod10 (100m),FGItemPickup_Spawnable365,ModularFrameHeavy,18,233179.5938,-313652.5625,9910.414063,36,36,36,3617.150223,3617.150223
BP_DropPod10 (100m),FGItemPickup_Spawnable366,Cable,30,235022.2969,-313515.25,9961.428711,20,20,20,1960.292184,1960.292184
BP_DropPod10 (100m),FGItemPickup_Spawnable367,Wire,448,236115.0781,-313769.5625,9927.642578,16,16,16,1582.701554,1582.701554
BP_DropPod10 (100m),FGItemPickup_Spawnable368,Wire,167,235801.6563,-315678.4063,9944.989258,35,35,35,3513.724513,3513.724513
BP_DropPod2_6 (118m),FGItemPickup_Spawnable369,SteelPlateReinforced,14,359651.625,-104843.5156,11318.44629,19,18,18,1830.17276,1830.17276
BP_DropPod2_6 (118m),FGItemPickup_Spawnable370,SteelPlateReinforced,23,359571.9688,-105354.3828,11440.54102,14,14,14,1371.693068,1371.693068
BP_DropPod2_6 (118m),FGItemPickup_Spawnable371,ComputerSuper,5,359753.4375,-105979.1094,11629.66309,8,7,7,730.5998954,730.5998954
BP_DropPod2_6 (118m),FGItemPickup_Spawnable372,Wire,399,360320.5625,-104917.3594,11323.32129,18,17,17,1709.210813,1709.210813
BP_DropPod2_6 (118m),FGItemPickup_Spawnable373,IronScrew,212,359876.0313,-105621.7813,11521.04297,11,10,10,1020.650889,1020.650889
BP_DropPod2_6 (118m),FGItemPickup_Spawnable374,Computer,17,359820.4063,-106066.4141,11658.85156,6,6,6,621.7823262,621.7823262
BP_DropPod2_6 (118m),FGItemPickup_Spawnable375,AluminumPlateReinforced,7,359060.8125,-105503.2109,11316.29785,16,15,15,1531.29431,1531.29431
BP_DropPod2_6 (118m),FGItemPickup_Spawnable376,IronScrew,307,360704.9688,-105582.7891,11478.25977,12,12,12,1188.30034,1188.30034
BP_DropPod5_9 (-15m),FGItemPickup_Spawnable377,ModularFrameHeavy,13,348181.9688,-38258.77344,-1671.869141,13,13,13,1252.244911,1252.244911
BP_DropPod13 (144m),FGItemPickup_Spawnable378,IronScrew,357,55558.06641,-51036.23047,13898.11914,6,4,4,417.8620931,417.8620931
BP_DropPod13 (144m),FGItemPickup_Spawnable379,Wire,336,56590.33203,-50121.00781,13741.12207,19,18,18,1797.415136,1797.415136
BP_DropPod13 (144m),FGItemPickup_Spawnable380,ModularFrame,9,56803.28125,-50887.96094,13836.42188,17,16,16,1613.207826,1613.207826
BP_DropPod8 (65m),FGItemPickup_Spawnable382,ModularFrame,12,219262.2031,-198563.9375,6372.580078,13,13,13,1321.329752,1321.329752
BP_DropPod8 (65m),FGItemPickup_Spawnable383,ModularFrame,12,219814.9063,-200054.6719,6516.708984,7,7,7,691.1604497,691.1604497
BP_DropPod13 (144m),FGItemPickup_Spawnable384,ModularFrame,7,54671.06641,-50960.13281,13856.75293,8,7,7,678.0297861,678.0297861
BP_DropPod13 (144m),FGItemPickup_Spawnable385,CircuitBoard,9,55081.36719,-51676.39063,13961.50684,6,4,4,396.7362058,396.7362058
BP_DropPod20 (134m),FGItemPickup_Spawnable386,CircuitBoard,12,67075.28906,-12815.00684,13335.38086,9,9,9,928.9070211,928.9070211
BP_DropPod20 (134m),FGItemPickup_Spawnable387,IronPlateReinforced,20,67368.46875,-14421.0332,13267.80078,11,11,11,1058.061388,1058.061388
BP_DropPod20 (134m),FGItemPickup_Spawnable388,ModularFrame,12,68288.85938,-13427.93555,13261.27832,17,17,17,1650.391375,1650.391375
BP_DropPod20 (134m),FGItemPickup_Spawnable389,IronScrew,357,65918.75,-13231.03516,13321.375,8,8,8,840.9693986,840.9693986
BP_DropPod20 (134m),FGItemPickup_Spawnable390,Cable,76,66563.28125,-14587.85352,13272.03613,10,9,9,949.9648772,949.9648772
BP_DropPod20 (134m),FGItemPickup_Spawnable391,ModularFrame,20,67764.03125,-14897.53613,13123.56152,17,17,17,1676.85708,1676.85708
BP_DropPod19 (131m),FGItemPickup_Spawnable392,Battery,50,8034.362793,-42882.60547,13110.5918,13,13,13,1279.479161,1279.479161
BP_DropPod19 (131m),FGItemPickup_Spawnable393,Motor,9,9460.027344,-42518.71484,13111.67773,11,11,11,1075.707012,1075.707012
BP_DropPod19 (131m),FGItemPickup_Spawnable394,Wire,144,9468.321289,-42814.66797,13109.8457,13,13,13,1302.379797,1302.379797
BP_DropPod19 (131m),FGItemPickup_Spawnable395,IronScrew,249,8292.112305,-43558.30859,13102.22656,18,18,18,1822.103828,1822.103828
BP_DropPod19 (131m),FGItemPickup_Spawnable396,Battery,30,9344.90918,-44025.51953,13172.77051,23,23,23,2343.839395,2343.839395
BP_DropPod24_1 (211m),FGItemPickup_Spawnable397_1,CircuitBoardHighSpeed,9,174590.2188,-276963.9375,21296.8418,6,6,6,637.6018014,637.6018014
BP_DropPod24_1 (211m),FGItemPickup_Spawnable398_2,CircuitBoardHighSpeed,10,174047.1719,-276926.0938,21407.49414,10,10,10,1025.61892,1025.61892
BP_DropPod24_1 (211m),FGItemPickup_Spawnable399_3,Computer,16,173095.0938,-276975.4688,21560.2168,20,19,19,1930.053333,1930.053333
BP_DropPod24_1 (211m),FGItemPickup_Spawnable400_4,ModularFrameHeavy,18,174224,-276195.9375,21336.69336,8,8,8,763.2139011,763.2139011
BP_DropPod24_1 (211m),FGItemPickup_Spawnable401_5,Cable,30,173639.8438,-277230.4063,21452.08594,15,15,15,1530.552982,1530.552982
BP_DropPod24_1 (211m),FGItemPickup_Spawnable402_6,Wire,448,174729.5938,-277512.7813,21232.64063,11,11,11,1098.373832,1098.373832
BP_DropPod24_1 (211m),FGItemPickup_Spawnable403_7,Wire,167,175299.7344,-276398.2813,21102.85352,4,4,4,353.4569594,353.4569594
BP_DropPod25 (232m),FGItemPickup_Spawnable404_8,ModularFrameHeavy,6,160534.6875,-144781.6563,23165.25781,15,15,15,1484.58113,1484.58113
BP_DropPod25 (232m),FGItemPickup_Spawnable405_9,CircuitBoardHighSpeed,9,159464.0469,-144588.2188,23165.76758,6,6,6,648.1833216,648.1833216
BP_DropPod25 (232m),FGItemPickup_Spawnable406,Computer,16,160953.0938,-144522.7969,23178.15234,20,20,20,1956.957651,1956.957651
BP_DropPod25 (232m),FGItemPickup_Spawnable407,ModularFrameHeavy,18,159816.9063,-145340.7656,23166.49219,8,8,8,762.3282028,762.3282028
BP_DropPod25 (232m),FGItemPickup_Spawnable408,Cable,30,160394.9688,-144298.4844,23177.55469,15,15,15,1541.519091,1541.519091
BP_DropPod25 (232m),FGItemPickup_Spawnable409,Wire,448,159302.4219,-144043.4219,23177.15234,11,11,11,1094.136428,1094.136428
BP_DropPod25 (232m),FGItemPickup_Spawnable410,Wire,167,158729.9688,-145159.2031,23176.71875,4,4,4,360.9171185,360.9171185
BP_DropPod26 (234m),FGItemPickup_Spawnable411_10,ModularFrameHeavy,6,-50335.30859,-208781.6563,23355.42188,15,15,15,1484.584939,1484.584939
BP_DropPod26 (234m),FGItemPickup_Spawnable412_11,CircuitBoardHighSpeed,9,-51405.95313,-208588.2188,23390.95117,6,6,6,648.1833043,648.1833043
BP_DropPod26 (234m),FGItemPickup_Spawnable413_12,Computer,16,-49916.89844,-208522.7969,23358.79297,20,20,20,1956.965045,1956.965045
BP_DropPod26 (234m),FGItemPickup_Spawnable414_13,ModularFrameHeavy,18,-51053.08984,-209340.7656,23345.04297,8,8,8,762.3318918,762.3318918
BP_DropPod26 (234m),FGItemPickup_Spawnable415_14,Cable,30,-50475.02344,-208298.4844,23387.00586,15,15,15,1541.525669,1541.525669
BP_DropPod26 (234m),FGItemPickup_Spawnable416_15,Wire,448,-51567.57813,-208043.4219,23397.33594,11,11,11,1094.136422,1094.136422
BP_DropPod26 (234m),FGItemPickup_Spawnable417,Wire,167,-52140.03125,-209159.2031,23390.97656,4,4,4,360.9171681,360.9171681
BP_DropPod12 (136m),FGItemPickup_Spawnable418,ModularFrame,13,-4290.48877,-75665.9375,13564.21484,8,8,8,760.1853425,760.1853425
BP_DropPod12 (136m),FGItemPickup_Spawnable419,AluminumPlateReinforced,9,-5378.39209,-76313.88281,13658.50488,7,7,7,671.6775632,671.6775632
BP_DropPod12 (136m),FGItemPickup_Spawnable420,ModularFrame,14,-3421.113281,-75432.39844,13231.51172,16,16,16,1552.164249,1552.164249
BP_DropPod12 (136m),FGItemPickup_Spawnable421,ModularFrame,8,-3431.866699,-76282.28906,13259.41113,13,13,13,1275.10535,1275.10535
BP_DropPod12 (136m),FGItemPickup_Spawnable422,ModularFrame,13,-5212.166504,-76099.38281,13642.13379,5,5,5,544.4453237,544.4453237
BP_DropPod12 (136m),FGItemPickup_Spawnable423,CircuitBoard,12,-3199.903809,-76227.40625,13217.69043,16,15,15,1508.760303,1508.760303
BP_DropPod31 (63m),FGItemPickup_Spawnable424,ModularFrameHeavy,6,200307.3125,133345.1875,6776.940918,15,14,14,1447.155655,1447.155655
BP_DropPod31 (63m),FGItemPickup_Spawnable425,CircuitBoardHighSpeed,9,199627.2031,132198.0313,6394.901855,9,9,9,928.2958462,928.2958462
BP_DropPod31 (63m),FGItemPickup_Spawnable426,Computer,16,200173.125,134061.0313,6622.034668,22,22,22,2174.988853,2174.988853
BP_DropPod31 (63m),FGItemPickup_Spawnable427_6,ModularFrameHeavy,18,200044.7969,132766.6875,6591.65625,10,10,10,972.989356,972.989356
BP_DropPod31 (63m),FGItemPickup_Spawnable428_7,Wire,448,200488.0938,132008.9063,6471.481934,2,1,1,99.10089668,99.10089668
BP_DropPod31 (63m),FGItemPickup_Spawnable429_8,Wire,167,200954.9688,132790.7969,6797.270996,11,10,10,984.5041142,984.5041142
BP_DropPod32 (-48m),FGItemPickup_Spawnable430,Wire,423,-80321.85156,293190,-4996.995605,16,15,15,1539.45351,1539.45351
BP_DropPod32 (-48m),FGItemPickup_Spawnable431,IronScrew,186,-78305.29688,292701,-4818.655273,6,6,6,581.9091863,581.9091863
BP_DropPod32 (-48m),FGItemPickup_Spawnable432,IronScrew,189,-79461.78125,294128.75,-4941.324219,16,16,16,1596.936985,1596.936985
BP_DropPod32 (-48m),FGItemPickup_Spawnable433,IronScrew,500,-80777.67188,292760.9375,-5013.444336,19,19,19,1897.529728,1897.529728
BP_DropPod33 (91m),FGItemPickup_Spawnable434,AluminumPlateReinforced,9,90771.6875,131123.0313,9555.647461,17,16,16,1605.878466,1605.878466
BP_DropPod33 (91m),FGItemPickup_Spawnable435,ModularFrame,7,89425.125,129746.4219,9010.458984,9,9,9,903.5535068,903.5535068
BP_DropPod33 (91m),FGItemPickup_Spawnable436,Motor,12,90997.84375,129580.0625,9063.462891,7,7,7,683.9338532,683.9338532
BP_DropPod33 (91m),FGItemPickup_Spawnable437,IronPlateReinforced,21,91142.42188,130047.25,8992.163086,10,9,9,949.3259746,949.3259746
BP_DropPod33 (91m),FGItemPickup_Spawnable438,IronScrew,146,90014.45313,131578.1094,8640.414063,21,20,20,2016.687919,2016.687919
BP_DropPod34 (11m),FGItemPickup_Spawnable439,Wire,423,-151735.3125,228939.9688,848.0043945,8,8,8,795.0045853,795.0045853
BP_DropPod34 (11m),FGItemPickup_Spawnable440,IronScrew,186,-152814.2656,229748.2344,996.3447266,6,6,6,581.8936362,581.8936362
BP_DropPod34 (11m),FGItemPickup_Spawnable441,IronScrew,189,-152943.4375,229333.1875,933.6757813,7,7,7,690.2000446,690.2000446
BP_DropPod34 (11m),FGItemPickup_Spawnable442,IronScrew,500,-151403.3438,229343.1094,866.5556641,9,9,9,893.3443149,893.3443149
BP_DropPod5_740 (99m),FGItemPickup_Spawnable73,ModularFrame,8,-190105.0313,74905.60156,4903.857422,387,383,12,38340.59814,1197.658639
BP_DropPod5_740 (99m),FGItemPickup_Spawnable79,IronPlateReinforced,40,-190241.2813,74699.05469,4946.541992,388,385,10,38464.04047,1021.774734
BP_DropPod2_5 (131m),FGItemPickup_Spawnable_0,Wire,435,46042.99219,140713.875,13197.76758,12,12,12,1219.216037,1219.216037
BP_DropPod1_2 (77m),FGItemPickup_Spawnable_1,AluminumPlateReinforced,9,150406.6875,147653.0313,7555.647461,10,10,10,980.9333069,980.9333069
BP_DropPod15_821 (-18m),FGItemPickup_Spawnable_10,CircuitBoard,12,-188587.4063,116536.6094,-1669.989746,7,7,7,701.5117095,701.5117095
BP_DropPod4_7 (81m),FGItemPickup_Spawnable_100,IronScrew,456,97433.67188,-145894.4375,7990.631348,7,7,7,711.3577003,711.3577003
BP_DropPod4_7 (81m),FGItemPickup_Spawnable_101,ModularFrame,12,98143.32031,-147003.0313,8023.231445,7,7,7,720.3730766,720.3730766
BP_DropPod4_7 (81m),FGItemPickup_Spawnable_102,Cable,78,96269.5,-146662.2344,8017.209473,13,13,13,1280.850971,1280.850971
BP_DropPod4_7 (81m),FGItemPickup_Spawnable_103,IronScrew,399,96911.63281,-147900.0938,8017.124023,15,15,15,1450.97101,1450.97101
BP_DropPod4_7 (81m),FGItemPickup_Spawnable_104,Motor,11,98448.22656,-146908.2656,8004.733887,10,10,10,952.0794088,952.0794088
BP_DropPod30_6998 (161m),FGItemPickup_Spawnable_105,IronScrew,498,170487.5313,-11118.49609,15880.11035,7,7,7,719.7668389,719.7668389
BP_DropPod30_6998 (161m),FGItemPickup_Spawnable_106,SteelPlateReinforced,20,170161.7344,-11475.84082,15893.74609,5,5,5,465.103609,465.103609
BP_DropPod30_6998 (161m),FGItemPickup_Spawnable_107,AluminumPlateReinforced,12,170720.2656,-11316.59668,15895.16699,10,10,10,950.7261611,950.7261611
BP_DropPod24_1 (211m),FGItemPickup_Spawnable_108,ModularFrameHeavy,21,177121.9688,-276987.25,20727.33203,23,22,22,2242.339596,2242.339596
BP_DropPod5_9 (-15m),FGItemPickup_Spawnable_109,HighSpeedConnector,20,348902.9375,-39599.61719,-1616.180786,9,9,9,862.0860335,862.0860335
BP_DropPod5_740 (99m),FGItemPickup_Spawnable_11,IronPlateReinforced,44,-187875.5469,71388.07031,-697.8509521,376,360,11,36049.72608,1130.01019
BP_DropPod5_9 (-15m),FGItemPickup_Spawnable_110,IronScrew,450,349642.9688,-39581.72266,-1588.132568,8,8,8,826.408318,826.408318
BP_DropPod5_9 (-15m),FGItemPickup_Spawnable_111,SteelPlateReinforced,11,349924.9688,-40400.71484,-1651.579468,17,17,17,1690.365775,1690.365775
BP_DropPod5_9 (-15m),FGItemPickup_Spawnable_112,ModularFrameHeavy,13,349129.8438,-39637.61719,-1606.269775,8,8,8,822.434265,822.434265
BP_DropPod5_9 (-15m),FGItemPickup_Spawnable_113,IronPlateReinforced,17,347288.6563,-39441.56641,-1760.630859,21,21,21,2097.195813,2097.195813
BP_DropPod24_1 (211m),FGItemPickup_Spawnable_114,ModularFrameHeavy,16,175540.9844,-279371.0313,20994.32031,30,30,30,2993.865321,2993.865321
BP_DropPod24_1 (211m),FGItemPickup_Spawnable_115,Wire,284,175782.1719,-277771.5313,21010.29492,16,16,16,1574.110709,1574.110709
BP_DropPod1_4 (20m),FGItemPickup_Spawnable_116,IronScrew,395,300995.2188,-255857.375,2111.068359,6,5,5,549.4430564,549.4430564
BP_DropPod1_4 (20m),FGItemPickup_Spawnable_117,ModularFrame,8,301019.5625,-256313.8281,2230.154541,9,8,8,828.0214943,828.0214943
BP_DropPod1_4 (20m),FGItemPickup_Spawnable_118,Wire,327,302815.2188,-254694.5,1908.152222,16,16,16,1619.713193,1619.713193
BP_DropPod3_7 (60m),FGItemPickup_Spawnable_119,ModularFrameHeavy,11,277168.6563,-51798.62109,6020.024902,22,22,22,2241.149271,2241.149271
BP_DropPod14_389 (75m),FGItemPickup_Spawnable_12,Wire,423,-44581.85156,146370,7328.004395,15,15,15,1539.45351,1539.45351
BP_DropPod1_4 (20m),FGItemPickup_Spawnable_120,IronScrew,414,301744.4375,-255806.375,2051.5625,3,3,3,296.7257518,296.7257518
BP_DropPod1_2 (77m),FGItemPickup_Spawnable_121,IronScrew,146,150304.4531,148768.1094,7360.413574,21,21,21,2095.393186,2095.393186
BP_DropPod1_4 (20m),FGItemPickup_Spawnable_122,Wire,309,301953.375,-254978.4531,1957.494629,8,8,8,801.5190894,801.5190894
BP_DropPod1_4 (20m),FGItemPickup_Spawnable_123,IronScrew,255,301722.0938,-256761.6406,2208.436279,12,11,11,1144.493375,1144.493375
BP_DropPod1_4 (20m),FGItemPickup_Spawnable_124,ModularFrame,12,302213,-255589.5156,1989.740845,7,7,7,715.3050914,715.3050914
BP_DropPod3_7 (60m),FGItemPickup_Spawnable_125,Wire,255,277738.4688,-51623.83203,6003.091309,28,28,28,2836.295049,2836.295049
BP_DropPod6 (198m),FGItemPickup_Spawnable_126,CircuitBoard,11,-95896.11719,39858.34766,21268.35938,19,13,13,1280.349863,1280.349863
BP_DropPod6 (198m),FGItemPickup_Spawnable_127,Wire,275,-95743.76563,39565.94531,21226.9043,19,13,13,1290.936387,1290.936387
BP_DropPod6 (198m),FGItemPickup_Spawnable_128,Motor,8,-94849.125,40277.61719,21251.78516,14,2,2,152.565438,152.565438
BP_DropPod6 (198m),FGItemPickup_Spawnable_129,Wire,372,-92996.82813,42050.47656,19597.9668,24,24,24,2421.761907,2421.761907
BP_DropPod5_740 (99m),FGItemPickup_Spawnable_13,IronPlateReinforced,16,-188556.375,72051.14063,-360.2498169,381,367,7,36716.74146,707.5020386
BP_DropPod6 (198m),FGItemPickup_Spawnable_130,Computer,17,-96749.63281,40162.33984,21343.92188,25,20,20,2048.295415,2048.295415
BP_DropPod6 (198m),FGItemPickup_Spawnable_131,Computer,27,-92707.22656,38212.01953,19526.57227,29,29,29,2919.697115,2919.697115
BP_DropPod27_20823 (215m),FGItemPickup_Spawnable_132,AluminumPlateReinforced,5,163711.8438,60883.09766,21242.79492,6,5,5,533.7328908,533.7328908
BP_DropPod27_20823 (215m),FGItemPickup_Spawnable_133,IronScrew,225,163534.3125,60703.88281,21243.17578,8,8,8,782.1271709,782.1271709
BP_DropPod27_20823 (215m),FGItemPickup_Spawnable_134,Wire,192,163557.3906,60207.21094,21223.40234,12,12,12,1209.305532,1209.305532
BP_DropPod27_20823 (215m),FGItemPickup_Spawnable_135,IronScrew,489,164582.9375,60518.96875,21233.75195,10,10,10,1001.813296,1001.813296
BP_DropPod27_20823 (215m),FGItemPickup_Spawnable_136,Wire,483,164422.5,60230.91016,21238.57227,12,12,12,1180.658403,1180.658403
BP_DropPod27_20823 (215m),FGItemPickup_Spawnable_137,Motor,7,162918.5781,59852.73047,21212.40625,19,18,18,1832.623628,1832.623628
BP_DropPod28_23787 (90m),FGItemPickup_Spawnable_138,ModularFrame,12,233836.3906,-19940.42773,8802.500977,15,14,14,1441.933813,1441.933813
BP_DropPod28_23787 (90m),FGItemPickup_Spawnable_139,IronPlateReinforced,12,233224.375,-20616.93555,8804.936523,7,7,7,715.3209378,715.3209378
BP_DropPod3_4 (100m),FGItemPickup_Spawnable_14,SteelPlateReinforced,12,85476.25781,99029.57813,10004.33301,11,11,11,1065.647949,1065.647949
BP_DropPod28_23787 (90m),FGItemPickup_Spawnable_140,IronPlateReinforced,28,233033.7813,-20777,8806.404297,6,6,6,578.5938747,578.5938747
BP_DropPod28_23787 (90m),FGItemPickup_Spawnable_141,IronScrew,500,233683.0625,-21278.92188,8803.125,14,14,14,1392.716434,1392.716434
BP_DropPod28_23787 (90m),FGItemPickup_Spawnable_142,Wire,370,233370.1719,-20183.31641,8804,9,9,9,918.1040444,918.1040444
BP_DropPod28_23787 (90m),FGItemPickup_Spawnable_143,IronPlateReinforced,28,232064.2031,-20436.07813,8843.838867,5,5,5,459.1501042,459.1501042
BP_DropPod29_27444 (94m),FGItemPickup_Spawnable_144,Battery,30,93607.55469,47979.89063,9573.442383,10,10,10,993.355226,993.355226
BP_DropPod29_27444 (94m),FGItemPickup_Spawnable_145,Cable,76,94157.77344,48910.375,9915.251953,17,17,17,1676.935995,1676.935995
BP_DropPod29_27444 (94m),FGItemPickup_Spawnable_146,ModularFrame,16,92835.6875,48591.11328,9700.258789,20,20,20,1970.349778,1970.349778
BP_DropPod29_27444 (94m),FGItemPickup_Spawnable_147,ModularFrame,16,95125.46875,48895.32031,9907.112305,19,19,19,1867.349685,1867.349685
BP_DropPod29_27444 (94m),FGItemPickup_Spawnable_148,IronScrew,474,93176.23438,48432.95313,9709.912109,16,16,16,1618.664118,1618.664118
BP_DropPod18 (-15m),FGItemPickup_Spawnable_149,Cable,80,-258934.2031,105398.8516,-1632.106445,7,7,7,732.0315015,732.0315015
BP_DropPod3_4 (100m),FGItemPickup_Spawnable_15,IronPlateReinforced,21,83869.375,99601.17188,10004.70703,13,13,13,1286.19122,1286.19122
BP_DropPod30_6998 (161m),FGItemPickup_Spawnable_150,Computer,8,169482.3438,-11579.76367,15894.22656,5,5,5,465.1413794,465.1413794
BP_DropPod30_6998 (161m),FGItemPickup_Spawnable_151,IronScrew,480,169776.4219,-11474.5791,15898.00684,3,3,3,256.6250799,256.6250799
BP_DropPod30_6998 (161m),FGItemPickup_Spawnable_152,Wire,453,170139.5313,-11887.18848,15905.5127,8,8,8,762.2273458,762.2273458
BP_DropPod18 (-15m),FGItemPickup_Spawnable_153,ModularFrameHeavy,10,-259476.0156,104357.8672,-1630.656738,7,7,7,698.3220696,698.3220696
BP_DropPod18 (-15m),FGItemPickup_Spawnable_154,ModularFrameHeavy,9,-259121.5469,105045.3125,-1631.081787,5,5,5,455.5966789,455.5966789
BP_DropPod18 (-15m),FGItemPickup_Spawnable_155,Computer,21,-259712.7813,105860.8438,-1625.682129,8,8,8,823.2664736,823.2664736
BP_DropPod18 (-15m),FGItemPickup_Spawnable_156,IronPlateReinforced,30,-260075.5938,104413.9297,-1626.461426,8,8,8,807.1954849,807.1954849
BP_DropPod18 (-15m),FGItemPickup_Spawnable_157,Cable,98,-260694.3281,104492.2344,-1622.755859,13,12,12,1248.170764,1248.170764
BP_DropPod6 (198m),FGItemPickup_Spawnable_158,SteelPlateReinforced,15,-95247.21875,40307.87891,21257.97656,15,5,5,539.1890658,539.1890658
BP_DropPod1_1 (83m),FGItemPickup_Spawnable_159,IronPlateReinforced,12,79628.07031,-44004.15625,8279.595703,14,14,14,1355.322807,1355.322807
BP_DropPod3_4 (100m),FGItemPickup_Spawnable_16,IronScrew,285,82022.51563,98933.78906,10005.23242,26,26,26,2560.146817,2560.146817
BP_DropPod1_1 (83m),FGItemPickup_Spawnable_160,ModularFrame,7,78786.3125,-43994.53125,8258.495117,22,22,22,2196.221415,2196.221415
BP_DropPod1_1 (83m),FGItemPickup_Spawnable_161,IronScrew,204,78636.73438,-44323.12891,8274.713867,24,24,24,2353.864966,2353.864966
BP_DropPod1_1 (83m),FGItemPickup_Spawnable_162,IronPlateReinforced,9,80432.92969,-44520.29297,8320.804688,7,7,7,689.878326,689.878326
BP_DropPod6 (198m),FGItemPickup_Spawnable_163,Wire,212,-94328.8125,39589.4375,21092.58594,15,8,8,839.1606468,839.1606468
BP_DropPod1_1 (83m),FGItemPickup_Spawnable_164,ModularFrame,12,77650.75,-44877.21484,8223.391602,34,34,34,3418.767098,3418.767098
BP_DropPod2_2 (171m),FGItemPickup_Spawnable_165,Battery,21,110957.8125,-54489.47656,17065.11719,5,5,5,521.8120889,521.8120889
BP_DropPod5_13 (193m),FGItemPickup_Spawnable_166,ModularFrameHeavy,15,-154471.9531,36111.95703,18985.57422,29,29,29,2876.44145,2876.44145
BP_DropPod2_2 (171m),FGItemPickup_Spawnable_167,Cable,15,110679.3594,-54818.84766,17136.23047,9,9,9,855.4229887,855.4229887
BP_DropPod2_2 (171m),FGItemPickup_Spawnable_168,CircuitBoard,15,111403.9609,-55144.92969,17162.55664,6,6,6,634.3833863,634.3833863
BP_DropPod2_2 (171m),FGItemPickup_Spawnable_169,IronPlateReinforced,21,111642.0625,-55037.44141,17351.00195,6,5,5,547.297365,547.297365
BP_DropPod3_4 (100m),FGItemPickup_Spawnable_17,Wire,324,82295.17188,98123.88281,10008.5957,23,23,23,2284.347865,2284.347865
BP_DropPod5_6 (-14m),FGItemPickup_Spawnable_170,CircuitBoard,27,127869.875,-116180.625,-1477.231934,10,9,9,948.0250343,948.0250343
BP_DropPod5_6 (-14m),FGItemPickup_Spawnable_171,CircuitBoard,7,127742.6484,-118248.5313,-1476.880615,15,15,15,1478.597929,1478.597929
BP_DropPod5_6 (-14m),FGItemPickup_Spawnable_172,SteelPlateReinforced,21,126109.2969,-116885.4141,-1477.343506,11,11,11,1106.737132,1106.737132
BP_DropPod5_6 (-14m),FGItemPickup_Spawnable_173,ModularFrame,12,127274.7578,-117414.9609,-1435.882568,6,6,6,551.1647139,551.1647139
BP_DropPod5_6 (-14m),FGItemPickup_Spawnable_174,IronScrew,441,126479.9531,-117958.6094,-1477.340088,13,13,13,1316.551802,1316.551802
BP_DropPod5_6 (-14m),FGItemPickup_Spawnable_175,IronPlateReinforced,15,128249.7969,-116981.4219,-1477.342529,10,10,10,1040.234575,1040.234575
BP_DropPod5_740 (99m),FGItemPickup_Spawnable_176,SteelPlateReinforced,8,-184160.2344,69086.27344,12069.82129,326,325,12,32494.68186,1219.723561
BP_DropPod9_1568 (48m),FGItemPickup_Spawnable_177,Cable,99,-129795.6797,60511.89453,4809.260254,8,8,8,763.9768772,763.9768772
BP_DropPod9_1568 (48m),FGItemPickup_Spawnable_178,SteelPlateReinforced,9,-130111.9922,60072.16016,4795.484863,10,10,10,1001.305489,1001.305489
BP_DropPod9_1568 (48m),FGItemPickup_Spawnable_179,Motor,12,-131059.9766,60429.98438,3187.509766,25,20,20,1962.944395,1962.944395
BP_DropPod3_4 (100m),FGItemPickup_Spawnable_18,Cable,58,84023.03125,98980.82031,10004.7168,7,7,7,705.7904248,705.7904248
BP_DropPod9_1568 (48m),FGItemPickup_Spawnable_180,IronPlateReinforced,12,-129019.375,59456.49609,4758.45166,7,7,7,714.9279202,714.9279202
BP_DropPod9_1568 (48m),FGItemPickup_Spawnable_181,Wire,366,-128665.6094,60524.65234,4773.883301,6,6,6,575.5881488,575.5881488
BP_DropPod3_7 (60m),FGItemPickup_Spawnable_182,ModularFrameHeavy,21,275052.7188,-50529.34375,5993.753906,21,21,21,2055.728887,2055.728887
BP_DropPod5_13 (193m),FGItemPickup_Spawnable_183,IronScrew,463,-152378.2031,34557.34375,19195.92969,8,8,8,754.2906841,754.2906841
BP_DropPod24_1 (211m),FGItemPickup_Spawnable_184,AluminumPlateReinforced,16,172808.4844,-279627.25,21412.54102,38,38,38,3841.932052,3841.932052
BP_DropPod24_1 (211m),FGItemPickup_Spawnable_185,IronScrew,242,173964.7031,-279098.6563,21273.56641,28,28,28,2838.150263,2838.150263
BP_DropPod8 (65m),FGItemPickup_Spawnable_186,IronScrew,296,219657.6406,-199118.7188,6446.350586,9,9,9,917.2925187,917.2925187
BP_DropPod5_13 (193m),FGItemPickup_Spawnable_187,Computer,9,-153679.5313,34932.65625,19217.33203,15,15,15,1465.133662,1465.133662
BP_DropPod5_740 (99m),FGItemPickup_Spawnable_188,Wire,450,-183688.4531,68648.45313,12081.69727,321,321,7,32074.68649,691.1987327
BP_DropPod1_3 (63m),FGItemPickup_Spawnable_189,Wire,69,46329.20313,221775.0156,5859.356445,7,5,5,521.8625493,521.8625493
BP_DropPod3_4 (100m),FGItemPickup_Spawnable_19,IronScrew,54,83387.22656,97835.39063,10005.9209,13,13,13,1340.68042,1340.68042
BP_DropPod5_740 (99m),FGItemPickup_Spawnable_190,ModularFrame,12,-183946.8438,68712.9375,12120.95898,324,323,9,32323.69858,946.8483567
BP_DropPod1_3 (63m),FGItemPickup_Spawnable_191,Motor,9,48924.55469,220677.5469,3852.710938,35,25,25,2467.878884,2467.878884
BP_DropPod1_3 (63m),FGItemPickup_Spawnable_192,Cable,69,50621.30078,222063.8594,3480.59082,47,38,38,3805.937462,3805.937462
BP_DropPod5 (141m),FGItemPickup_Spawnable_193,Battery,40,67408.47656,158110.0938,13263.53223,35,34,34,3412.507162,3412.507162
BP_DropPod5 (141m),FGItemPickup_Spawnable_194,AluminumPlateReinforced,9,67124.61719,156883.8594,13563.73242,26,26,26,2570.947886,2570.947886
BP_DropPod5 (141m),FGItemPickup_Spawnable_195,SteelPlateReinforced,15,66120.85156,156437.6719,13870.68457,15,15,15,1479.118996,1479.118996
BP_DropPod5 (141m),FGItemPickup_Spawnable_196,ModularFrame,12,67027.97656,157631.5,13437.08203,29,28,28,2823.569881,2823.569881
BP_DropPod5 (141m),FGItemPickup_Spawnable_197,IronScrew,382,67388.96094,156399.5781,13495.11035,28,27,27,2716.479899,2716.479899
BP_DropPod5 (141m),FGItemPickup_Spawnable_198,CircuitBoard,12,66849.35938,155764.9844,13773.44531,22,22,22,2170.129011,2170.129011
BP_DropPod3_7 (60m),FGItemPickup_Spawnable_199,Battery,43,277145.5938,-50578.61328,5993.752441,29,29,29,2886.810921,2886.810921
BP_DropPod2_5 (131m),FGItemPickup_Spawnable_2,CircuitBoard,6,45180.69141,141151.75,13212.03809,12,12,12,1167.481487,1167.481487
BP_DropPod5_740 (99m),FGItemPickup_Spawnable_20,Motor,20,-188567.5938,72639.92188,-305.8534851,381,367,12,36725.9962,1219.178828
BP_DropPod3_7 (60m),FGItemPickup_Spawnable_200,ModularFrameLightweight,5,276884,-50383.72266,5993.752441,29,29,29,2852.405639,2852.405639
BP_DropPod3_7 (60m),FGItemPickup_Spawnable_201,Wire,318,276077.1875,-49981.39063,5987.181641,28,28,28,2791.631855,2791.631855
BP_DropPod3_7 (60m),FGItemPickup_Spawnable_202,IronPlateReinforced,15,276117.25,-50248.83203,5991.087891,26,26,26,2560.158852,2560.158852
BP_DropPod1_0 (160m),FGItemPickup_Spawnable_203,IronScrew,315,-89960.35938,-50796.19922,15968.33789,7,7,7,696.4798573,696.4798573
BP_DropPod1_0 (160m),FGItemPickup_Spawnable_204,Computer,8,-89769.35156,-51167.14844,16002.71875,7,7,7,723.9437709,723.9437709
BP_DropPod1_0 (160m),FGItemPickup_Spawnable_205,IronPlateReinforced,9,-88291.11719,-51296.14063,16007.26953,12,12,12,1195.641925,1195.641925
BP_DropPod1_0 (160m),FGItemPickup_Spawnable_206,Motor,7,-90319.75781,-50407.91406,15911.56152,11,11,11,1059.29996,1059.29996
BP_DropPod1_0 (160m),FGItemPickup_Spawnable_207,Wire,348,-88650.25,-50659.71094,16070.85449,6,6,6,634.4460595,634.4460595
BP_DropPod1_0 (160m),FGItemPickup_Spawnable_208,HighSpeedConnector,7,-91377.5625,-49960.71875,15867.17188,22,22,22,2197.940248,2197.940248
BP_DropPod2_1 (175m),FGItemPickup_Spawnable_209,Computer,9,-28872.89453,-22417.35938,17486.89844,4,4,4,413.9998752,413.9998752
BP_DropPod17_7892 (32m),FGItemPickup_Spawnable_21,CircuitBoard,7,-107977.8594,214070.7344,3162.016357,8,8,8,835.2507018,835.2507018
BP_DropPod2_1 (175m),FGItemPickup_Spawnable_210,Computer,9,-28112.58594,-23045.33398,17429.55078,12,12,12,1178.235347,1178.235347
BP_DropPod2_1 (175m),FGItemPickup_Spawnable_211,Wire,354,-28316.51172,-22989.21484,17434.99219,10,10,10,967.5514392,967.5514392
BP_DropPod2_1 (175m),FGItemPickup_Spawnable_212,Cable,63,-28296.33594,-23287.52539,17423.87109,11,11,11,1126.307362,1126.307362
BP_DropPod24_1 (211m),FGItemPickup_Spawnable_213,CircuitBoard,19,175099.8906,-279669.7188,21057.16016,32,32,32,3236.858567,3236.858567
BP_DropPod3_2 (277m),FGItemPickup_Spawnable_214,Wire,216,-56150.78906,-73709.48438,27594.46289,8,8,8,845.4594365,845.4594365
BP_DropPod3_2 (277m),FGItemPickup_Spawnable_215,IronPlateReinforced,15,-54981.48828,-72515.15625,27838.58984,12,12,12,1214.006356,1214.006356
BP_DropPod3_2 (277m),FGItemPickup_Spawnable_217,ModularFrame,12,-56761.90234,-72555.28906,27634.71094,7,7,7,690.5003063,690.5003063
BP_DropPod3_2 (277m),FGItemPickup_Spawnable_218,Cable,24,-55605.59766,-73633.65625,27661.80469,9,9,9,939.4000444,939.4000444
BP_DropPod3_2 (277m),FGItemPickup_Spawnable_219,CircuitBoard,5,-56776.03125,-71513.13281,27148.20703,16,15,15,1491.337284,1491.337284
BP_DropPod17_7892 (32m),FGItemPickup_Spawnable_22,SteelPlateReinforced,12,-109305.6406,214466.7969,3242.980469,6,6,6,644.6642387,644.6642387
BP_DropPod5_740 (99m),FGItemPickup_Spawnable_220,Motor,24,-184378.375,69178.64063,11982.89258,328,327,15,32702.22597,1455.864582
BP_DropPod5_740 (99m),FGItemPickup_Spawnable_221,IronScrew,168,-183045.0781,68546.77344,14269.15137,317,314,2,31448.49918,169.3367798
BP_DropPod5_740 (99m),FGItemPickup_Spawnable_222,AluminumPlateReinforced,12,-182774.625,68544.95313,14357.24316,315,312,3,31180.40388,279.3463082
BP_DropPod5_740 (99m),FGItemPickup_Spawnable_224,Wire,304,-182597.4063,68461.47656,14336.89355,313,310,5,31015.27441,473.1232266
BP_DropPod1 (297m),FGItemPickup_Spawnable_225,ModularFrame,12,-125093.4609,-167337.0938,29447.80078,15,14,14,1434.587232,1434.587232
BP_DropPod5_740 (99m),FGItemPickup_Spawnable_226,IronScrew,176,-183129.5938,68324.92969,14255.44824,319,316,4,31560.71224,406.2926244
BP_DropPod5_740 (99m),FGItemPickup_Spawnable_227,IronScrew,462,-168044.8125,63349.92969,11076.375,186,186,18,18592.21179,1828.76177
BP_DropPod5_740 (99m),FGItemPickup_Spawnable_228,AluminumPlateReinforced,20,-168280.6563,63470.78125,11056.91895,188,187,19,18739.78031,1885.799766
BP_DropPod5_740 (99m),FGItemPickup_Spawnable_229,Computer,20,-168314.9844,63167.98828,11252.41211,190,189,16,18916.90865,1582.075396
BP_DropPod5_740 (99m),FGItemPickup_Spawnable_23,Cable,64,-187842.6563,72445.78906,-443.7415161,375,360,15,36000.66315,1494.644234
BP_DropPod40_1163 (25m),FGItemPickup_Spawnable_230,IronPlateReinforced,33,19718.93359,132691.1719,1901.684326,18,17,17,1692.081908,1692.081908
BP_DropPod40_1163 (25m),FGItemPickup_Spawnable_231,SteelPlateReinforced,30,20712.50977,132066.8125,2390.354004,7,7,7,713.69615,713.69615
BP_DropPod40_1163 (25m),FGItemPickup_Spawnable_232,Wire,192,20514.24023,131534.5625,2550.554443,12,12,12,1175.105142,1175.105142
BP_DropPod40_1163 (25m),FGItemPickup_Spawnable_233,IronPlateReinforced,30,20958.03516,130476.9688,3079.465332,20,19,19,1905.137652,1905.137652
BP_DropPod40_1163 (25m),FGItemPickup_Spawnable_234,ModularFrame,9,18752.45703,132338.5469,1788.911133,27,26,26,2620.92395,2620.92395
BP_DropPod40_1163 (25m),FGItemPickup_Spawnable_235,SteelPlateReinforced,27,21964.65625,131248.8906,2987.078125,13,12,12,1237.749292,1237.749292
BP_DropPod41_8375 (-10m),FGItemPickup_Spawnable_236,Motor,9,-9041.730469,229522.5313,-785.4263916,21,21,21,2120.111574,2120.111574
BP_DropPod41_8375 (-10m),FGItemPickup_Spawnable_237,Wire,306,-8533.360352,227361.0469,-1118.750977,15,15,15,1478.856862,1478.856862
BP_DropPod41_8375 (-10m),FGItemPickup_Spawnable_238,Motor,21,-10664.06641,227407.75,-989.3981323,7,7,7,709.9064637,709.9064637
BP_DropPod41_8375 (-10m),FGItemPickup_Spawnable_239,IronPlateReinforced,12,-10498.96387,228814.2656,-844.0543213,13,13,13,1293.777237,1293.777237
BP_DropPod17_7892 (32m),FGItemPickup_Spawnable_24,Wire,255,-107459.3516,214747.2344,3115.814697,15,15,15,1522.03826,1522.03826
BP_DropPod41_8375 (-10m),FGItemPickup_Spawnable_240,Wire,186,-10352.6123,226595.7969,-1046.358154,11,11,11,1092.224172,1092.224172
BP_DropPod41_8375 (-10m),FGItemPickup_Spawnable_241,IronPlateReinforced,27,-9378.201172,227233.5156,-1119.793579,7,7,7,725.2378727,725.2378727
BP_DropPod5_740 (99m),FGItemPickup_Spawnable_242,SteelPlateReinforced,20,-167798.8438,63551.17188,10936.56348,183,183,21,18279.24199,2105.065978
BP_DropPod5_740 (99m),FGItemPickup_Spawnable_243,Wire,371,-168502.2031,63384.23828,11055.86621,190,190,18,18975.69747,1771.0011
BP_DropPod1 (297m),FGItemPickup_Spawnable_244,Computer,9,-123595.1328,-166867.5,29221.16016,6,3,3,253.6701756,253.6701756
BP_DropPod1 (297m),FGItemPickup_Spawnable_245,IronPlateReinforced,33,-122947.9453,-166338.9063,29127.01758,12,11,11,1059.599242,1059.599242
BP_DropPod2 (24m),FGItemPickup_Spawnable_246,IronPlateReinforced,33,-146310.4688,-136176.4688,1721.138794,11,9,9,910.8329919,910.8329919
BP_DropPod2 (24m),FGItemPickup_Spawnable_247,ModularFrame,12,-145845.8125,-134125.75,763.6713867,33,29,29,2928.438121,2928.438121
BP_DropPod2 (24m),FGItemPickup_Spawnable_248,IronScrew,87,-147235.5469,-132896.5469,785.1535645,46,43,43,4318.541839,4318.541839
BP_DropPod2 (24m),FGItemPickup_Spawnable_249,Computer,21,-145427.1406,-138576.6094,2963.036133,18,16,16,1648.895646,1648.895646
BP_DropPod5_740 (99m),FGItemPickup_Spawnable_25,Cable,90,-188485.5781,72928.14844,-445.5118103,381,366,15,36646.46712,1517.971626
BP_DropPod2 (24m),FGItemPickup_Spawnable_250,IronScrew,432,-146786.8594,-136950.3906,2439.251465,8,7,7,749.1163852,749.1163852
BP_DropPod2 (24m),FGItemPickup_Spawnable_251,ModularFrame,9,-145050.0781,-136725.0781,1925.719727,11,10,10,1044.957681,1044.957681
BP_DropPod3 (-15m),FGItemPickup_Spawnable_252,ModularFrameHeavy,12,-175631.0469,-195938.4531,-1618.964844,17,16,16,1649.907305,1649.907305
BP_DropPod3 (-15m),FGItemPickup_Spawnable_253,Motor,9,-175686.9531,-197525.0781,-1802.969727,13,13,13,1254.312644,1254.312644
BP_DropPod3 (-15m),FGItemPickup_Spawnable_254,IronPlateReinforced,24,-174045.4844,-196841.1094,-1731.730103,6,5,5,536.8827234,536.8827234
BP_DropPod3 (-15m),FGItemPickup_Spawnable_255,IronScrew,180,-175610.8125,-196943.6875,-1742.115723,12,11,11,1132.175916,1132.175916
BP_DropPod3 (-15m),FGItemPickup_Spawnable_256,SteelPlateReinforced,27,-176217.5,-197042.8594,-1736.235718,17,17,17,1725.063953,1725.063953
BP_DropPod3 (-15m),FGItemPickup_Spawnable_257,ModularFrame,12,-174539.1719,-196369.4688,-1706.540771,8,8,8,766.6511335,766.6511335
BP_DropPod4 (45m),FGItemPickup_Spawnable_258,SteelPlateReinforced,30,-246834.8906,-142409.4688,4422.501953,5,5,5,472.6481774,472.6481774
BP_DropPod4 (45m),FGItemPickup_Spawnable_259,SteelPlateReinforced,18,-244392.1406,-143324.0469,4443.347168,31,31,31,3070.58683,3070.58683
BP_DropPod4_1 (250m),FGItemPickup_Spawnable_26,AluminumPlateReinforced,11,146003.5938,93424.92188,25519.10156,25,25,25,2482.55951,2482.55951
BP_DropPod4 (45m),FGItemPickup_Spawnable_260,Cable,96,-246040.2188,-143134.7031,4418.403809,15,15,15,1488.12231,1488.12231
BP_DropPod4 (45m),FGItemPickup_Spawnable_261,Computer,9,-245172.0469,-141918.0625,4426.147949,22,22,22,2174.494559,2174.494559
BP_DropPod4 (45m),FGItemPickup_Spawnable_262,Motor,21,-247510.0469,-142763.375,4422.388672,5,5,5,463.6259278,463.6259278
BP_DropPod4 (45m),FGItemPickup_Spawnable_263,SteelPlateReinforced,24,-247410.8125,-143308.2656,4418.762695,10,10,10,965.9682452,965.9682452
BP_DropPod11_2 (197m),FGItemPickup_Spawnable_264,CircuitBoard,24,-238194.9844,17593.33398,19225.06641,6,3,3,305.1307849,305.1307849
BP_DropPod11_2 (197m),FGItemPickup_Spawnable_265,ModularFrameHeavy,12,-239048.8594,16917.83984,19277.52148,9,8,8,821.0697811,821.0697811
BP_DropPod11_2 (197m),FGItemPickup_Spawnable_266,Computer,12,-237678.7344,16784.80078,19540.06641,9,8,8,847.1172108,847.1172108
BP_DropPod11_2 (197m),FGItemPickup_Spawnable_267,Computer,24,-237603.8594,14652.92871,18980.04688,29,28,28,2766.842296,2766.842296
BP_DropPod11_2 (197m),FGItemPickup_Spawnable_268,Computer,18,-236115.625,16169.89648,19654.62695,25,25,25,2499.55001,2499.55001
BP_DropPod11_2 (197m),FGItemPickup_Spawnable_269,IronPlateReinforced,30,-237530.3438,16183.21484,19583.2832,14,14,14,1393.549282,1393.549282
BP_DropPod4_1 (250m),FGItemPickup_Spawnable_27,AluminumPlateReinforced,7,144686.0625,93143.57813,25491.5918,13,12,12,1163.669091,1163.669091
BP_DropPod5_13 (193m),FGItemPickup_Spawnable_270,IronScrew,114,-152065.7344,33089.36328,19042.83203,10,10,10,986.988078,986.988078
BP_DropPod3_12 (96m),FGItemPickup_Spawnable_271,ModularFrameHeavy,15,186333.7969,175904.6719,6397.991211,39,23,23,2299.985169,2299.985169
BP_DropPod3_12 (96m),FGItemPickup_Spawnable_272,Computer,21,185597.7656,175765.875,6298.484375,45,30,30,3001.202974,3001.202974
BP_DropPod3_12 (96m),FGItemPickup_Spawnable_273,Cable,54,186540.2969,175011.0938,6436.829102,42,28,28,2768.386116,2768.386116
BP_DropPod3_12 (96m),FGItemPickup_Spawnable_274,Wire,234,187602.4375,174990.5469,6607.668945,38,23,23,2299.114671,2299.114671
BP_DropPod3_12 (96m),FGItemPickup_Spawnable_275,Wire,180,188018.75,175713.0156,6644.567871,33,15,15,1503.771487,1503.771487
BP_DropPod3_12 (96m),FGItemPickup_Spawnable_276,IronPlateReinforced,15,184597.6719,177722.2188,6207.767578,50,37,37,3672.833884,3672.833884
BP_DropPod5_13 (193m),FGItemPickup_Spawnable_277,ComputerSuper,8,-153445.875,33929.85547,19126.90625,8,8,8,772.0286405,772.0286405
BP_DropPod5_13 (193m),FGItemPickup_Spawnable_278,ModularFrameHeavy,19,-154630.8594,34325.85547,18991.30273,20,20,20,2007.948344,2007.948344
BP_DropPod5_13 (193m),FGItemPickup_Spawnable_279,CircuitBoard,10,-153435.8125,33392.66797,19064.16602,9,9,9,893.9232844,893.9232844
BP_DropPod1_2 (77m),FGItemPickup_Spawnable_28,Cable,87,151336.2344,147603.9219,7577.341797,12,11,11,1145.655871,1145.655871
BP_DropPod5_13 (193m),FGItemPickup_Spawnable_280,Computer,15,-154801.6563,34879.45313,18988.24023,24,24,24,2354.945636,2354.945636
BP_DropPod4_12 (251m),FGItemPickup_Spawnable_281,AluminumPlateReinforced,6,-155620.75,-5578.884277,25214.03711,16,16,16,1631.493429,1631.493429
BP_DropPod4_12 (251m),FGItemPickup_Spawnable_282,CircuitBoard,14,-156246.5156,-4439.608887,25330.05078,21,20,20,2049.25283,2049.25283
BP_DropPod4_12 (251m),FGItemPickup_Spawnable_283,CircuitBoardHighSpeed,6,-155872.1719,-6185.920898,25172.98242,12,12,12,1212.406439,1212.406439
BP_DropPod4_12 (251m),FGItemPickup_Spawnable_284,Wire,286,-156988.2344,-5252.727539,25368.75391,11,11,11,1063.681871,1063.681871
BP_DropPod4_12 (251m),FGItemPickup_Spawnable_285,ModularFrameHeavy,9,-155836.0313,-4632.30127,25363.20313,21,21,21,2089.451663,2089.451663
BP_DropPod4_12 (251m),FGItemPickup_Spawnable_286,Battery,44,-156331.3125,-6317.091797,25134.35547,7,7,7,746.6408914,746.6408914
BP_DropPod4_12 (251m),FGItemPickup_Spawnable_287,IronPlateReinforced,16,-156654.4219,-5633.106934,25367.83008,8,8,8,800.6906943,800.6906943
BP_DropPod3_11 (263m),FGItemPickup_Spawnable_288,Computer,21,-40917.46875,64804.58984,25682.99805,21,20,20,1984.524332,1984.524332
BP_DropPod3_11 (263m),FGItemPickup_Spawnable_289,ModularFrame,11,-40177.77734,64030.92188,25802.11719,12,11,11,1074.456174,1074.456174
BP_DropPod4_1 (250m),FGItemPickup_Spawnable_29,CircuitBoard,12,143274.6719,92166.25,24666.37109,7,6,6,568.6792841,568.6792841
BP_DropPod3_11 (263m),FGItemPickup_Spawnable_290,ModularFrame,7,-41399.78906,63711.11328,25820.67773,15,14,14,1422.3021,1422.3021
BP_DropPod3_11 (263m),FGItemPickup_Spawnable_291,Wire,332,-40575.125,63121.19922,25892.12695,6,4,4,415.0433777,415.0433777
BP_DropPod3_11 (263m),FGItemPickup_Spawnable_292,Computer,17,-39661.32813,63608.25,25834.75195,9,8,8,841.7410126,841.7410126
BP_DropPod3_11 (263m),FGItemPickup_Spawnable_293,Motor,13,-42224.88281,63070.08594,25885.61719,21,20,20,2033.931886,2033.931886
BP_DropPod3_11 (263m),FGItemPickup_Spawnable_294,SteelPlateReinforced,21,-40427.36719,62198.91016,25992.40234,8,8,8,792.7691919,792.7691919
BP_DropPod2_10 (203m),FGItemPickup_Spawnable_295,Wire,407,-77489.96094,91385.49219,20040.42773,10,9,9,914.5694874,914.5694874
BP_DropPod2_10 (203m),FGItemPickup_Spawnable_296,ModularFrameHeavy,14,-77519.86719,91844.625,20137.36133,12,12,12,1220.138508,1220.138508
BP_DropPod2_10 (203m),FGItemPickup_Spawnable_297,HighSpeedConnector,8,-78929.71094,90737.95313,20377.14063,7,7,7,703.4559388,703.4559388
BP_DropPod2_10 (203m),FGItemPickup_Spawnable_298,Battery,28,-78228.75781,90182.84375,20311.04883,7,7,7,674.2496745,674.2496745
BP_DropPod2_10 (203m),FGItemPickup_Spawnable_299,IronPlateReinforced,17,-77463.98438,89434.85156,20306.99023,16,16,16,1618.421991,1618.421991
BP_DropPod2_5 (131m),FGItemPickup_Spawnable_3,CircuitBoard,8,45296.38672,140292.5,13269.24219,18,18,18,1804.631783,1804.631783
BP_DropPod4_1 (250m),FGItemPickup_Spawnable_30,CircuitBoard,15,144052.7813,91804.17969,24903.41211,9,9,9,858.5537414,858.5537414
BP_DropPod2_10 (203m),FGItemPickup_Spawnable_300,IronPlateReinforced,21,-74482.52344,87229.28906,19998.03906,52,52,52,5220.374866,5220.374866
BP_DropPod2_10 (203m),FGItemPickup_Spawnable_301,SteelPlateReinforced,15,-77779.32813,90751.38281,20034.42969,5,5,5,469.1368574,469.1368574
BP_DropPod2_10 (203m),FGItemPickup_Spawnable_302,Wire,312,-76377.17969,90514.625,20167.96094,19,19,19,1890.500523,1890.500523
BP_DropPod1_9 (170m),FGItemPickup_Spawnable_303,IronPlateReinforced,12,-115725.1328,73602.58594,17384.7793,31,31,31,3058.591584,3058.591584
BP_DropPod1_9 (170m),FGItemPickup_Spawnable_304,ComputerSuper,5,-117723.4766,73388.33594,17227.93164,17,17,17,1717.409844,1717.409844
BP_DropPod1_9 (170m),FGItemPickup_Spawnable_305,IronScrew,337,-116538.8203,73655.53125,17304.24023,23,23,23,2322.685167,2322.685167
BP_DropPod1_9 (170m),FGItemPickup_Spawnable_306,Wire,150,-118566.1484,74329.88281,17014.2832,6,6,6,605.9211226,605.9211226
BP_DropPod1_9 (170m),FGItemPickup_Spawnable_307,IronPlateReinforced,22,-117802.3984,74187.1875,17111.25586,10,10,10,1005.790989,1005.790989
BP_DropPod1_9 (170m),FGItemPickup_Spawnable_308,ModularFrameHeavy,9,-118697.7813,75397.95313,17049.46094,5,5,5,516.03718,516.03718
BP_DropPod1_9 (170m),FGItemPickup_Spawnable_309,SteelPlateReinforced,14,-117733.5078,74789.84375,17031.76953,8,8,8,760.2580469,760.2580469
BP_DropPod_1145 (118m),FGItemPickup_Spawnable_31,Computer,7,-156688.8125,-63560.84766,12114.99707,35,35,35,3489.315355,3489.315355
BP_DropPod1_9 (170m),FGItemPickup_Spawnable_310,CircuitBoard,11,-116959.6328,74396.3125,17165.81055,16,16,16,1611.972407,1611.972407
BP_DropPod1_22 (251m),FGItemPickup_Spawnable_311,Wire,434,-94565.33594,7984.854004,25144.51367,12,12,12,1211.485645,1211.485645
BP_DropPod1_22 (251m),FGItemPickup_Spawnable_312,ModularFrameHeavy,21,-95449.90625,7345.197754,25139.76367,4,4,4,435.2476001,435.2476001
BP_DropPod1_22 (251m),FGItemPickup_Spawnable_313,Computer,11,-95787.70313,7692.366699,25136.24609,9,9,9,913.2097272,913.2097272
BP_DropPod1_22 (251m),FGItemPickup_Spawnable_314,IronPlateReinforced,19,-94506.35938,6837.978027,25147.5918,7,7,7,733.8263314,733.8263314
BP_DropPod1_22 (251m),FGItemPickup_Spawnable_315,Computer,21,-94111.66406,6333.105469,25142.39063,13,13,13,1285.665914,1285.665914
BP_DropPod1_22 (251m),FGItemPickup_Spawnable_316,IronPlateReinforced,15,-95886.09375,6756.693848,25138.14063,7,7,7,691.9460159,691.9460159
BP_DropPod1_22 (251m),FGItemPickup_Spawnable_317,ModularFrame,9,-95540.96094,5993.287598,25141.29102,10,10,10,1026.288743,1026.288743
BP_DropPod1_22 (251m),FGItemPickup_Spawnable_318,IronPlateReinforced,17,-94033.625,7305.318359,25131.13867,12,12,12,1240.434927,1240.434927
BP_DropPod2_23 (267m),FGItemPickup_Spawnable_319,ModularFrame,10,12318.48438,114981.3438,26325.17773,9,8,8,807.0418498,807.0418498
BP_DropPod14_389 (75m),FGItemPickup_Spawnable_32,IronScrew,186,-42385.30078,145751.0156,7646.344727,8,8,8,761.8289532,761.8289532
BP_DropPod2_23 (267m),FGItemPickup_Spawnable_320,Computer,9,12022.50488,113921.5469,26448.23438,4,3,3,342.1065904,342.1065904
BP_DropPod2_23 (267m),FGItemPickup_Spawnable_321,Wire,150,13006.64063,112786.3594,26485.1543,16,16,16,1583.454693,1583.454693
BP_DropPod2_23 (267m),FGItemPickup_Spawnable_322,Wire,272,14254.99609,112712.0781,26543.29102,25,25,25,2483.441453,2483.441453
BP_DropPod2_23 (267m),FGItemPickup_Spawnable_323,ComputerSuper,11,13315.3877,113862.7656,26445.84375,11,11,11,1111.019804,1111.019804
BP_DropPod2_23 (267m),FGItemPickup_Spawnable_324,CircuitBoard,18,14840.72461,111888.5391,26565.48828,35,35,35,3457.021315,3457.021315
BP_DropPod2_23 (267m),FGItemPickup_Spawnable_325,IronPlateReinforced,25,12080.11426,112883.0391,26556.46289,13,13,13,1305.267534,1305.267534
BP_DropPod2_23 (267m),FGItemPickup_Spawnable_326,Motor,10,13178.46875,111611.1094,26605.77344,27,27,27,2728.992595,2728.992595
BP_DropPod3_24 (221m),FGItemPickup_Spawnable_327,Wire,281,-3102.389648,62116.77344,21944.73828,5,5,5,454.8551155,454.8551155
BP_DropPod3_24 (221m),FGItemPickup_Spawnable_328,ComputerSuper,15,-3475.421143,63005.66797,21959.67188,7,7,7,691.8597997,691.8597997
BP_DropPod3_24 (221m),FGItemPickup_Spawnable_329,ModularFrameHeavy,6,-3668.090332,61970.05469,21937.69336,4,4,4,378.453681,378.453681
BP_DropPod14_389 (75m),FGItemPickup_Spawnable_33,IronScrew,189,-43911.77734,147173.75,7383.675781,16,16,16,1556.316519,1556.316519
BP_DropPod3_24 (221m),FGItemPickup_Spawnable_330,Motor,8,-3495.191162,61398.59375,21829.15039,10,9,9,916.3284194,916.3284194
BP_DropPod3_24 (221m),FGItemPickup_Spawnable_331,ModularFrame,11,-2524.373535,61171.0625,21980.91211,15,15,15,1511.044544,1511.044544
BP_DropPod3_24 (221m),FGItemPickup_Spawnable_332,Wire,491,-2025.045288,61633.75391,21881.07617,17,16,16,1635.386839,1635.386839
BP_DropPod3_24 (221m),FGItemPickup_Spawnable_333,IronScrew,463,-4079.711426,62738.92969,22085.26758,7,7,7,708.7542694,708.7542694
BP_DropPod3_24 (221m),FGItemPickup_Spawnable_334,Wire,191,-4297.574219,61557.84766,21872.03125,11,11,11,1090.97714,1090.97714
BP_DropPod4_25 (235m),FGItemPickup_Spawnable_335,IronPlateReinforced,21,-32719.25586,4579.101074,23418.30273,9,9,9,861.5355453,861.5355453
BP_DropPod4_25 (235m),FGItemPickup_Spawnable_336,IronPlateReinforced,20,-32491.03906,3418.928711,23473.94531,20,20,20,1951.779689,1951.779689
BP_DropPod4_25 (235m),FGItemPickup_Spawnable_337,Motor,7,-33158.8125,5611.008301,23179.38281,6,5,5,471.0544666,471.0544666
BP_DropPod4_25 (235m),FGItemPickup_Spawnable_338,Computer,13,-33746.44531,4487.276367,23344.42773,8,8,8,799.8441502,799.8441502
BP_DropPod4_25 (235m),FGItemPickup_Spawnable_339,AluminumPlateReinforced,9,-31645.07422,2935.066162,23594,28,28,28,2810.095623,2810.095623
BP_DropPod14_389 (75m),FGItemPickup_Spawnable_34,IronScrew,500,-46052.66797,146220.9531,4416.555664,42,29,29,2936.173147,2936.173147
BP_DropPod4_25 (235m),FGItemPickup_Spawnable_340,Motor,16,-33481.58594,3198.018311,24716.98047,23,20,20,1983.315501,1983.315501
BP_DropPod4_25 (235m),FGItemPickup_Spawnable_341,Motor,10,-32879.88281,2908.181396,23490.03125,23,23,23,2314.354375,2314.354375
BP_DropPod4_25 (235m),FGItemPickup_Spawnable_342,AluminumPlateReinforced,11,-33939.92578,3737.959961,23424.49805,16,16,16,1558.341532,1558.341532
BP_DropPod5_26 (228m),FGItemPickup_Spawnable_343,IronScrew,282,33457.97656,15930.88574,22514.17188,17,16,16,1648.189609,1648.189609
BP_DropPod5_26 (228m),FGItemPickup_Spawnable_344,ModularFrameLightweight,10,33480.07813,14201.20117,22534.88867,26,26,26,2570.452939,2570.452939
BP_DropPod5_26 (228m),FGItemPickup_Spawnable_345,IronScrew,102,35118.30078,17745.79688,22528.90039,16,15,15,1534.883136,1534.883136
BP_DropPod5_26 (228m),FGItemPickup_Spawnable_346,ModularFrameHeavy,10,34184.73828,17950.4375,22509.13867,20,20,20,1956.98033,1956.98033
BP_DropPod5_26 (228m),FGItemPickup_Spawnable_347,ModularFrame,6,32080.42188,17074.39453,22509.41992,31,31,31,3123.317909,3123.317909
BP_DropPod5_26 (228m),FGItemPickup_Spawnable_348,ModularFrameHeavy,21,36110.30078,15600.84277,22545.74219,12,12,12,1195.760018,1195.760018
BP_DropPod5_26 (228m),FGItemPickup_Spawnable_349,IronScrew,273,34840.38672,15991.54492,22518.33789,4,3,3,326.7257116,326.7257116
BP_DropPod5_740 (99m),FGItemPickup_Spawnable_35,Wire,228,-188268.6094,72298.76563,-413.0744629,379,364,11,36427.00252,1083.032198
BP_DropPod5_26 (228m),FGItemPickup_Spawnable_350,Motor,9,32755.65625,15722.77344,22511.66406,24,24,24,2377.220518,2377.220518
BP_DropPod6_27 (218m),FGItemPickup_Spawnable_351,ModularFrame,12,-35970.87109,114393.0938,21730.64258,23,23,23,2284.486959,2284.486959
BP_DropPod6_27 (218m),FGItemPickup_Spawnable_352,ModularFrameLightweight,4,-35248.54688,113879.3281,21732.34766,27,27,27,2717.348099,2717.348099
BP_DropPod6_27 (218m),FGItemPickup_Spawnable_353,Battery,21,-35822.90234,112914.6406,21720.43945,37,37,37,3708.752281,3708.752281
BP_DropPod6_27 (218m),FGItemPickup_Spawnable_354,AluminumPlateReinforced,17,-36153.61328,111629.3047,24091.59375,55,50,50,5028.111966,5028.111966
BP_DropPod6_27 (218m),FGItemPickup_Spawnable_355,ModularFrame,10,-35420.38672,115887.3516,21735.40234,7,7,7,709.6133193,709.6133193
BP_DropPod6_27 (218m),FGItemPickup_Spawnable_356,Motor,16,-34741.85938,116369.8047,21730.13672,7,7,7,657.665584,657.665584
BP_DropPod6_27 (218m),FGItemPickup_Spawnable_357,Cable,24,-36375.73828,113806.9766,21739.25977,30,30,30,2966.718394,2966.718394
BP_DropPod6_27 (218m),FGItemPickup_Spawnable_358,CircuitBoard,19,-36396.57031,112283.0781,21771.625,44,44,44,4434.175125,4434.175125
BP_DropPod3_7 (60m),FGItemPickup_Spawnable_359,ModularFrameHeavy,8,276442.4375,-50821.5625,5993.750977,22,22,22,2234.568528,2234.568528
BP_DropPod16_4595 (-10m),FGItemPickup_Spawnable_36,Wire,216,30197.37305,268017.0313,-1239.967285,11,11,11,1057.919789,1057.919789
BP_DropPod3_7 (60m),FGItemPickup_Spawnable_360,ModularFrame,10,277748.8438,-50866.39063,5993.75293,32,32,32,3182.738172,3182.738172
BP_DropPod3_7 (60m),FGItemPickup_Spawnable_361,ModularFrameHeavy,9,277581.2813,-50419.71484,5993.751953,33,33,33,3315.86996,3315.86996
BP_DropPod3_7 (60m),FGItemPickup_Spawnable_362,SteelPlateReinforced,23,276245.375,-48675.74219,5993.75293,41,41,41,4082.132165,4082.132165
BP_DropPod8 (65m),FGItemPickup_Spawnable_363,IronScrew,276,218350,-199331.5156,6516.085938,10,10,10,966.8761954,966.8761954
BP_DropPod16_4595 (-10m),FGItemPickup_Spawnable_37,Wire,446,31700.20313,267914.5938,-1354.810303,17,16,16,1616.978415,1616.978415
BP_DropPod23 (39m),FGItemPickup_Spawnable_376,Wire,216,362717.1875,-217802.625,3902.477539,24,24,24,2444.400539,2444.400539
BP_DropPod16_4595 (-10m),FGItemPickup_Spawnable_38,Wire,69,31019.02734,266841.4688,-1376.596436,8,6,6,649.2856624,649.2856624
BP_DropPod23 (39m),FGItemPickup_Spawnable_381,Cable,45,363674.8125,-218775.5156,3931.020752,36,36,36,3601.633107,3601.633107
BP_DropPod16_4595 (-10m),FGItemPickup_Spawnable_39,CircuitBoard,9,29508.78906,266672.2188,-1331.022827,10,9,9,926.0943298,926.0943298
BP_DropPod2_5 (131m),FGItemPickup_Spawnable_4,IronScrew,342,46199.10156,139883.6563,13230.86426,21,21,21,2054.973192,2054.973192
BP_DropPod_1145 (118m),FGItemPickup_Spawnable_40,CircuitBoard,12,-156933.2188,-64972.19922,12088.23145,21,21,21,2061.197256,2061.197256
BP_DropPod24_1 (211m),FGItemPickup_Spawnable_41,ModularFrame,6,176588.0625,-277024.1875,20853.92578,18,17,17,1741.887559,1741.887559
BP_DropPod_1145 (118m),FGItemPickup_Spawnable_42,ModularFrame,12,-155906.2656,-65012.72656,12093.22852,24,23,23,2332.325399,2332.325399
BP_DropPod24_1 (211m),FGItemPickup_Spawnable_43,ModularFrame,11,177561.5625,-277153.9375,20655.85352,28,27,27,2709.940506,2709.940506
BP_DropPod_1145 (118m),FGItemPickup_Spawnable_44,ModularFrame,12,-156244.1719,-66537.94531,12016.2168,10,10,10,969.021486,969.021486
BP_DropPod2_1325 (-1m),FGItemPickup_Spawnable_45,IronScrew,357,-197484.4844,-59047.10547,-321.8615723,18,17,17,1736.16173,1736.16173
BP_DropPod2_1325 (-1m),FGItemPickup_Spawnable_46,AluminumPlateReinforced,7,-195432.0781,-58507.16797,-329.8560181,8,8,8,774.2659151,774.2659151
BP_DropPod1_2 (77m),FGItemPickup_Spawnable_47,ModularFrame,7,149745.125,146861.4219,7678.379883,9,9,9,903.5535068,903.5535068
BP_DropPod2_1325 (-1m),FGItemPickup_Spawnable_48,Wire,192,-195843.1406,-59762.28516,-322.871582,6,6,6,558.7093978,558.7093978
BP_DropPod2_1325 (-1m),FGItemPickup_Spawnable_49,CircuitBoard,7,-196314.3594,-58733.95703,-323.8623657,8,7,7,733.9961296,733.9961296
BP_DropPod2_5 (131m),FGItemPickup_Spawnable_5,Cable,12,46921.84375,140010.9063,13225.14551,21,21,21,2111.407133,2111.407133
BP_DropPod2_1325 (-1m),FGItemPickup_Spawnable_50,CircuitBoard,8,-195233.0625,-59654.00781,-333.4976807,7,7,7,685.7576568,685.7576568
BP_DropPod3_8348 (-4m),FGItemPickup_Spawnable_51,Wire,360,-231917.7031,-50613.14453,-324.8728943,10,10,10,1003.627806,1003.627806
BP_DropPod3_8348 (-4m),FGItemPickup_Spawnable_52,Cable,48,-233014.1875,-49961.70703,-323.7485352,16,16,16,1558.271784,1558.271784
BP_DropPod1_2 (77m),FGItemPickup_Spawnable_53,Motor,12,151317.8438,146695.0625,7678.463379,7,7,7,683.9339032,683.9339032
BP_DropPod3_8348 (-4m),FGItemPickup_Spawnable_54,SteelPlateReinforced,15,-233603.5469,-51221.65234,-488.5174561,11,11,11,1125.379974,1125.379974
BP_DropPod3_8348 (-4m),FGItemPickup_Spawnable_55,ModularFrame,7,-232978.9688,-52025.58203,-487.4786377,8,8,8,763.9833852,763.9833852
BP_DropPod1_2 (77m),FGItemPickup_Spawnable_56,IronPlateReinforced,21,151462.4219,147162.25,7632.163574,10,9,9,949.3259921,949.3259921
BP_DropPod4_13058 (122m),FGItemPickup_Spawnable_57,CircuitBoard,9,-200087.2656,-18474.01953,12092.92871,7,7,7,716.6995733,716.6995733
BP_DropPod4_13058 (122m),FGItemPickup_Spawnable_58,CircuitBoard,15,-201823.6875,-19853.70703,12083.13574,26,26,26,2642.035297,2642.035297
BP_DropPod4_13058 (122m),FGItemPickup_Spawnable_59,Wire,186,-200333.8906,-19153.30078,12092.74219,14,14,14,1392.623123,1392.623123
BP_DropPod15_821 (-18m),FGItemPickup_Spawnable_6,IronPlateReinforced,24,-189635.1875,115572.5313,-1772.040771,8,8,8,847.0314102,847.0314102
BP_DropPod4_13058 (122m),FGItemPickup_Spawnable_60,IronScrew,360,-199925.6094,-17440.36133,12095.05176,4,4,4,428.6695747,428.6695747
BP_DropPod4_13058 (122m),FGItemPickup_Spawnable_61,Cable,69,-201352.0156,-18617.61523,12088.0752,14,14,14,1429.366815,1429.366815
BP_DropPod4_13058 (122m),FGItemPickup_Spawnable_62,IronPlateReinforced,12,-200856.9375,-17918.54102,12101.85547,7,7,7,670.8734976,670.8734976
BP_DropPod5_740 (99m),FGItemPickup_Spawnable_63,IronScrew,500,-190398.0625,74589.39063,4920.535156,389,386,9,38614.37885,857.1348168
BP_DropPod5_740 (99m),FGItemPickup_Spawnable_64,Motor,32,-190227.3438,74502.07813,4905.249512,388,384,10,38439.19995,1029.9648
BP_DropPod5_740 (99m),FGItemPickup_Spawnable_65,IronScrew,219,-151702.5156,71019.45313,9739.356445,15,15,15,1455.247035,1455.247035
BP_DropPod5_740 (99m),FGItemPickup_Spawnable_66,ModularFrame,12,-154189.0625,72270.35938,10644.56641,25,24,24,2355.369227,2355.369227
BP_DropPod5_740 (99m),FGItemPickup_Spawnable_67,IronScrew,465,-153988.0469,71827.17188,10508.07227,23,22,22,2239.682562,2239.682562
BP_DropPod5_740 (99m),FGItemPickup_Spawnable_68,IronScrew,168,-152992.9531,71527.90625,10156.21582,15,15,15,1486.091954,1486.091954
BP_DropPod6_2102 (102m),FGItemPickup_Spawnable_69,ModularFrame,9,-108890.1719,108465.0703,9914.793945,7,7,7,664.3070583,664.3070583
BP_DropPod15_821 (-18m),FGItemPickup_Spawnable_7,Wire,386,-187336.2031,115527.8203,-1405.241455,21,21,21,2082.98434,2082.98434
BP_DropPod6_2102 (102m),FGItemPickup_Spawnable_70,SteelPlateReinforced,11,-109494.0313,107370.6406,9956.891602,9,8,8,844.0150912,844.0150912
BP_DropPod5_740 (99m),FGItemPickup_Spawnable_71,Computer,12,-190236.6719,74896.92188,4911.335938,388,385,11,38471.42435,1069.213352
BP_DropPod5_740 (99m),FGItemPickup_Spawnable_72,Cable,56,-190404.5,74895.63281,4921.351074,390,386,9,38638.83807,910.3497742
BP_DropPod1 (297m),FGItemPickup_Spawnable_73,IronScrew,240,-124543.4531,-167804.3281,29357.47852,12,11,11,1111.625453,1111.625453
BP_DropPod6_2102 (102m),FGItemPickup_Spawnable_74,IronPlateReinforced,12,-107782.1875,107668.9688,9940.351563,10,10,10,1001.930585,1001.930585
BP_DropPod7_5615 (0m),FGItemPickup_Spawnable_75,Wire,96,-114059.5156,168714.0156,516.1661377,82,81,81,8135.656261,8135.656261
BP_DropPod7_5615 (0m),FGItemPickup_Spawnable_76,IronPlateReinforced,21,-114115.5625,169178.0313,514.3172607,82,82,82,8196.741001,8196.741001
BP_DropPod7_5615 (0m),FGItemPickup_Spawnable_77,Cable,57,-115190.6563,169321.2813,397.6085205,72,72,72,7216.014387,7216.014387
BP_DropPod7_5615 (0m),FGItemPickup_Spawnable_78,ModularFrame,9,-114528.8906,169448.7031,494.7990723,79,79,79,7883.047846,7883.047846
BP_DropPod1 (297m),FGItemPickup_Spawnable_79,ModularFrame,12,-124286.6406,-168630.8594,29257.33789,17,16,16,1640.708971,1640.708971
BP_DropPod15_821 (-18m),FGItemPickup_Spawnable_8,ModularFrameHeavy,12,-188503.625,116051.1641,-1627.658203,8,8,8,804.7084852,804.7084852
BP_DropPod7_5615 (0m),FGItemPickup_Spawnable_80,Cable,81,-115555.9219,167687.9531,250.3446045,65,65,65,6484.193181,6484.193181
BP_DropPod3_5 (175m),FGItemPickup_Spawnable_81,ModularFrame,9,27516.91211,193961.2813,17074.4375,13,13,13,1288.317776,1288.317776
BP_DropPod5_740 (99m),FGItemPickup_Spawnable_82,Computer,24,-184165.2188,68780.76563,12153.44434,326,325,12,32532.84757,1167.365678
BP_DropPod3_5 (175m),FGItemPickup_Spawnable_83,Wire,231,27928.31445,194827.4219,17060.6875,16,16,16,1584.471894,1584.471894
BP_DropPod3_5 (175m),FGItemPickup_Spawnable_84,Cable,51,27355.22852,194206.7188,17065.20703,16,15,15,1543.574528,1543.574528
BP_DropPod3_5 (175m),FGItemPickup_Spawnable_85,SteelPlateReinforced,15,27493.68164,193056.8281,17187.97461,13,13,13,1261.792663,1261.792663
BP_DropPod3_5 (175m),FGItemPickup_Spawnable_86,IronPlateReinforced,6,27710.73633,192925.5625,17222.97656,11,11,11,1111.578549,1111.578549
BP_DropPod4_6 (14m),FGItemPickup_Spawnable_87,Wire,369,88524.92969,188124.6094,1329.861572,8,8,8,814.2769157,814.2769157
BP_DropPod4_6 (14m),FGItemPickup_Spawnable_88,Motor,7,87810.57031,188167.7656,1432.7146,9,9,9,905.32634,905.32634
BP_DropPod4_6 (14m),FGItemPickup_Spawnable_89,ModularFrame,9,88127.5625,187010.8906,1355.184814,19,19,19,1912.821775,1912.821775
BP_DropPod15_821 (-18m),FGItemPickup_Spawnable_9,IronScrew,339,-188443.7656,114968.25,-1519.699707,16,16,16,1587.527752,1587.527752
BP_DropPod4_6 (14m),FGItemPickup_Spawnable_90,Motor,7,89116.19531,187307.7813,1248.816895,18,18,18,1790.753714,1790.753714
BP_DropPod4_6 (14m),FGItemPickup_Spawnable_91,Cable,57,89857.08594,187350.8281,1163.881104,22,22,22,2189.434224,2189.434224
BP_DropPod5_740 (99m),FGItemPickup_Spawnable_92,IronScrew,224,-184269.6563,68654.57031,12136.80664,327,327,13,32651.11237,1270.865678
BP_DropPod3_8 (21m),FGItemPickup_Spawnable_93,ModularFrame,9,-56539.40625,-148503.9531,810.5131836,41,39,39,3925.98549,3925.98549
BP_DropPod3_8 (21m),FGItemPickup_Spawnable_94,SteelPlateReinforced,7,-55109.15625,-148071.75,853.9666748,41,39,39,3944.14211,3944.14211
BP_DropPod3_8 (21m),FGItemPickup_Spawnable_95,IronScrew,231,-59074.32031,-147058.9531,478.0941162,36,32,32,3222.294232,3222.294232
BP_DropPod3_8 (21m),FGItemPickup_Spawnable_96,IronScrew,480,-59192.26953,-148792.5938,236.5310059,51,47,47,4733.725999,4733.725999
BP_DropPod3_8 (21m),FGItemPickup_Spawnable_97,ModularFrame,9,-58199.45703,-148520.7344,533.6911621,44,41,41,4100.29283,4100.29283
BP_DropPod3_8 (21m),FGItemPickup_Spawnable_98,Motor,7,-55209.84375,-150132.6875,384.9541016,60,58,58,5807.818171,5807.818171
BP_DropPod4_7 (81m),FGItemPickup_Spawnable_99,Wire,428,97748.89063,-146057.9844,7984.224121,6,6,6,574.4795369,574.4795369
BP_DropPod10 (-16m),FGItemPickup_Spawnable126,IronPlateReinforced,11,231370.8438,26972.13477,-1765.584961,8,8,8,797.7660209,797.7660209
BP_DropPod10 (-16m),FGItemPickup_Spawnable127,NuclearWaste,15,232295.5469,26098.94531,-1781.394531,11,11,11,1103.360536,1103.360536
BP_DropPod10 (-16m),FGItemPickup_Spawnable128,Wire,291,232561.0313,27160.81445,-1810.065674,5,4,4,424.106883,424.106883
BP_DropPod10 (-16m),FGItemPickup_Spawnable129,Computer,20,233257.8594,26063.18359,-1799.502319,16,16,16,1589.356766,1589.356766
BP_DropPod10 (-16m),FGItemPickup_Spawnable130,Motor,30,232295.0313,26615.6875,-1810.93457,6,6,6,596.358367,596.358367
BP_DropPod10 (-16m),FGItemPickup_Spawnable131,IronPlateReinforced,60,231944.4844,26586.08398,-1797.912598,7,6,6,635.1154845,635.1154845
BP_DropPod5 (73m),FGItemPickup_Spawnable294,Wire,313,226769.1875,98895.34375,7164.185059,9,9,9,860.6467735,860.6467735
BP_DropPod5 (73m),FGItemPickup_Spawnable295,Computer,24,225968.9375,97915.03906,7185.230957,5,5,5,489.5648183,489.5648183
BP_DropPod5 (73m),FGItemPickup_Spawnable296,Computer,10,227263.8906,97880.17188,7141.584961,9,9,9,876.2161474,876.2161474
BP_DropPod5 (73m),FGItemPickup_Spawnable297,CircuitBoard,8,225747.6094,98460.85938,7228.229004,8,8,8,757.0765904,757.0765904
BP_DropPod5 (73m),FGItemPickup_Spawnable298,AluminumPlateReinforced,7,225587.3281,98127.53906,7230.503418,8,8,8,831.0874782,831.0874782
BP_DropPod5 (73m),FGItemPickup_Spawnable299,IronPlateReinforced,18,226110.9063,97736.09375,7180.09082,5,5,5,483.6128679,483.6128679
BP_DropPod5 (73m),FGItemPickup_Spawnable300,IronPlateReinforced,18,226482.0781,97313.53906,7170.283691,8,8,8,798.5283929,798.5283929
BP_DropPod5 (73m),FGItemPickup_Spawnable301,IronScrew,115,226810.2813,97699.03125,7157.644043,6,6,6,567.6309251,567.6309251
BP_DropPod8 (-26m),FGItemPickup_Spawnable302,CircuitBoardHighSpeed,13,261179.0469,124802.1406,-2777.343994,7,6,6,645.6192805,645.6192805
BP_DropPod8 (-26m),FGItemPickup_Spawnable303,ComputerSuper,11,262193.7188,124814.5781,-2713.397705,5,4,4,442.824625,442.824625
BP_DropPod8 (-26m),FGItemPickup_Spawnable304,ModularFrameHeavy,13,260166.9688,124587.8516,-2777.344727,16,16,16,1630.788687,1630.788687
BP_DropPod8 (-26m),FGItemPickup_Spawnable305,IronPlateReinforced,19,259964.6406,125291.9766,-2778.943848,20,20,20,1953.252803,1953.252803
BP_DropPod8 (-26m),FGItemPickup_Spawnable306,ModularFrameHeavy,18,258280.1094,124934.8438,-2781.594238,35,35,35,3531.737449,3531.737449
BP_DropPod8 (-26m),FGItemPickup_Spawnable307,CircuitBoard,19,260371.3906,123623.4922,-2778.669434,17,17,17,1737.960876,1737.960876
BP_DropPod8 (-26m),FGItemPickup_Spawnable308,CircuitBoard,12,259236.8594,123894.6641,-2777.344727,27,27,27,2660.526991,2660.526991
BP_DropPod8 (-26m),FGItemPickup_Spawnable309,Motor,11,261736.1563,123712.0625,-2775.123779,9,9,9,906.8446827,906.8446827
BP_DropPod2_0 (29m),FGItemPickup_Spawnable63,Wire,363,45067.87891,197075.3438,2258.223633,32,31,31,3088.113214,3088.113214
BP_DropPod3_3 (-16m),FGItemPickup_Spawnable64,IronPlateReinforced,17,289323.7188,74886.28906,-1628.903564,25,25,25,2500.235097,2500.235097
BP_DropPod3_3 (-16m),FGItemPickup_Spawnable66,HighSpeedConnector,9,288168.125,73719.27344,-1628.899902,38,38,38,3805.087236,3805.087236
BP_DropPod3_1 (136m),FGItemPickup_Spawnable71,IronScrew,378,18737.01953,-138362.1094,13420.08203,17,17,17,1713.256063,1713.256063
BP_DropPod3_1 (136m),FGItemPickup_Spawnable76,IronPlateReinforced,21,18123.55078,-137324.5313,13577.875,5,5,5,511.0281329,511.0281329
BP_DropPod3_3 (-16m),FGItemPickup_Spawnable77,IronScrew,329,288399.8438,72807.14844,-1628.214966,40,40,40,3950.934513,3950.934513
BP_DropPod3_3 (-16m),FGItemPickup_Spawnable78,SteelPlateReinforced,12,289274.1875,74419.46094,-1637.012207,26,26,26,2573.26609,2573.26609
BP_DropPod3_3 (-16m),FGItemPickup_Spawnable79,ModularFrameHeavy,21,285743.4375,72033.91406,-1673.072021,67,67,67,6670.719503,6670.719503
BP_DropPod3_3 (-16m),FGItemPickup_Spawnable80,CircuitBoard,10,287600.9063,72901.52344,-1645.741699,46,46,46,4620.839202,4620.839202
BP_DropPod3_3 (-16m),FGItemPickup_Spawnable81,Motor,14,287435.3438,74185.26563,-1661.719238,44,44,44,4426.846973,4426.846973
BP_DropPod3_3 (-16m),FGItemPickup_Spawnable82,CircuitBoard,12,289352.75,73166.59375,-1641.698364,30,30,30,2950.560631,2950.560631
BP_DropPod4_4 (57m),FGItemPickup_Spawnable83,Wire,325,198018.0469,45470.06641,-1807.852539,127,102,102,10232.87018,10232.87018
BP_DropPod4_4 (57m),FGItemPickup_Spawnable84,Cable,24,193007.2188,39675.75391,-1620.845215,77,26,26,2572.861732,2572.861732
BP_DropPod4_4 (57m),FGItemPickup_Spawnable85,Wire,444,190326.8281,38610.57031,5877.317383,14,14,14,1385.670767,1385.670767
BP_DropPod4_4 (57m),FGItemPickup_Spawnable86,Wire,392,192579.3594,39011.65234,987.7270508,50,18,18,1790.953781,1790.953781
BP_DropPod4_4 (57m),FGItemPickup_Spawnable87,AluminumPlateReinforced,16,190477,37123.6875,5507.124512,11,11,11,1056.469083,1056.469083
BP_DropPod4_4 (57m),FGItemPickup_Spawnable88,ModularFrame,9,194329.1406,39700.07031,-1652.1875,82,36,36,3578.07952,3578.07952
BP_DropPod4_4 (57m),FGItemPickup_Spawnable89,CircuitBoard,12,191101.9844,36861.29688,5535.320313,9,9,9,873.7777276,873.7777276
BP_DropPod4_4 (57m),FGItemPickup_Spawnable90,Wire,427,192629.5938,36650.62891,-1725.291992,76,16,16,1638.64026,1638.64026
BP_DropPod7 (-16m),FGItemPickup_Spawnable91,AluminumPlateReinforced,15,216127.6406,408.1609802,-1655.06897,7,7,7,677.3033376,677.3033376
BP_DropPod7 (-16m),FGItemPickup_Spawnable92,Motor,15,217802.2656,335.9231873,-1730.126221,18,18,18,1809.45739,1809.45739
BP_DropPod2 (78m),FGItemPickup_Spawnable93,IronPlateReinforced,24,-28740.30469,-129732.4609,7949.386719,25,25,25,2508.194408,2508.194408
BP_DropPod7 (-16m),FGItemPickup_Spawnable94,CircuitBoardHighSpeed,8,215546.3906,-783.199585,-1613.023071,8,8,8,753.5541146,753.5541146
BP_DropPod7 (-16m),FGItemPickup_Spawnable95,Motor,12,216726.3594,473.6912537,-1705.328125,10,10,10,973.2414466,973.2414466
BP_DropPod7 (-16m),FGItemPickup_Spawnable96,IronScrew,346,216432.3594,-1224.895386,-1640.351074,10,10,10,1013.640964,1013.640964
BP_DropPod7 (-16m),FGItemPickup_Spawnable97,AluminumPlateReinforced,19,216328.1563,-739.9090576,-1665.081177,5,5,5,525.2136975,525.2136975
BP_DropPod7 (-16m),FGItemPickup_Spawnable98,Computer,15,217330.5156,972.5528564,-1619.211426,18,17,17,1749.944396,1749.944396
BP_DropPod7 (-16m),FGItemPickup_Spawnable99,AluminumPlateReinforced,5,216100.125,-1539.231079,-1666.547607,13,13,13,1270.799453,1270.799453
BP_DropPod4 (120m),FGItemPickup_Spawnable_10,CircuitBoard,12,110022.9766,-113377.2422,11781.88477,13,12,12,1236.580074,1236.580074
BP_DropPod9 (24m),FGItemPickup_Spawnable_100,IronPlateReinforced,24,249155.8281,59067.73438,-1445.669434,40,9,9,894.8815197,894.8815197
BP_DropPod9 (24m),FGItemPickup_Spawnable_101,IronScrew,237,251637.9531,59383.44141,-1564.602295,44,17,17,1725.056015,1725.056015
BP_DropPod9 (24m),FGItemPickup_Spawnable_102,IronScrew,438,248494.8281,59972.00781,-1485.217529,42,15,15,1490.415859,1490.415859
BP_DropPod4 (120m),FGItemPickup_Spawnable_11,CircuitBoard,9,109082.7578,-112991.5469,11788.29785,21,21,21,2130.667626,2130.667626
BP_DropPod4_8033 (173m),FGItemPickup_Spawnable_23,ModularFrame,15,144496.9219,32961.73438,15528.97754,38,33,33,3332.560412,3332.560412
BP_DropPod4_8033 (173m),FGItemPickup_Spawnable_24,Cable,24,145711.8281,34515.22656,15408.1709,29,22,22,2177.150925,2177.150925
BP_DropPod4_8033 (173m),FGItemPickup_Spawnable_25,Cable,96,145004.3125,34188.76172,15467.82617,28,22,22,2175.386037,2175.386037
BP_DropPod4_8033 (173m),FGItemPickup_Spawnable_26,Motor,13,145058.125,32417.65625,15524.80469,43,39,39,3922.798115,3922.798115
BP_DropPod4_8033 (173m),FGItemPickup_Spawnable_27,IronScrew,72,146334.5156,34560.14844,15400.68457,32,26,26,2556.021231,2556.021231
BP_DropPod4_8033 (173m),FGItemPickup_Spawnable_28,IronPlateReinforced,21,144484.375,35853.07813,17131.02148,5,4,4,441.8501264,441.8501264
BP_DropPod1_1 (11m),FGItemPickup_Spawnable_29,Cable,68,293279.75,1016.778442,780.4026489,10,9,9,913.9159522,913.9159522
BP_DropPod1_1 (11m),FGItemPickup_Spawnable_30,Cable,54,292835.0313,1582.736328,711.8668213,16,16,16,1609.691959,1609.691959
BP_DropPod1_1 (11m),FGItemPickup_Spawnable_31,Wire,200,291869.3125,1258.928711,775.0427246,20,20,20,2028.531229,2028.531229
BP_DropPod1_1 (11m),FGItemPickup_Spawnable_32,CircuitBoard,15,292607.2813,503.1265259,762.9261475,11,10,10,1023.294372,1023.294372
BP_DropPod1_1 (11m),FGItemPickup_Spawnable_33,CircuitBoard,15,293750.5938,527.5992432,882.5900879,5,4,4,420.2603879,420.2603879
BP_DropPod1_1 (11m),FGItemPickup_Spawnable_34,ModularFrame,9,291832.5938,764.9041138,779.6865845,19,18,18,1840.848117,1840.848117
BP_DropPod2_2 (-13m),FGItemPickup_Spawnable_35,Cable,75,233357.9063,79638.41406,-1565.639893,12,11,11,1139.302984,1139.302984
BP_DropPod2_2 (-13m),FGItemPickup_Spawnable_36,ModularFrame,12,232280.9375,79567.1875,-1565.630127,5,4,4,359.272692,359.272692
BP_DropPod2_2 (-13m),FGItemPickup_Spawnable_37,CircuitBoard,9,233558.0313,78844.30469,-1544.753296,17,17,17,1692.924047,1692.924047
BP_DropPod2_2 (-13m),FGItemPickup_Spawnable_38,IronScrew,327,232146.7969,79404.28125,-1565.638184,6,5,5,532.457885,532.457885
BP_DropPod2_2 (-13m),FGItemPickup_Spawnable_39,Motor,12,232804.125,78802.125,-1573.672729,13,13,13,1250.28189,1250.28189
BP_DropPod2_2 (-13m),FGItemPickup_Spawnable_40,Cable,27,234107.3125,79252.54688,-1628.365967,20,20,20,1970.428173,1970.428173
BP_DropPod1_2 (137m),FGItemPickup_Spawnable_41,IronScrew,189,157094.1406,-42538.99609,8198.53125,60,23,23,2337.960344,2337.960344
BP_DropPod1_2 (137m),FGItemPickup_Spawnable_42,AluminumPlateReinforced,8,155707.6094,-41759.64063,8633.03418,55,22,22,2188.90687,2188.90687
BP_DropPod1_2 (137m),FGItemPickup_Spawnable_43,Motor,11,158353.1719,-41692.65625,8049.845703,59,19,19,1851.224626,1851.224626
BP_DropPod1_2 (137m),FGItemPickup_Spawnable_44,ModularFrame,16,156847.7813,-43497.38281,8030.416504,66,33,33,3315.61932,3315.61932
BP_DropPod1_2 (137m),FGItemPickup_Spawnable_45,IronScrew,252,158737.7344,-43153.02344,7631.097168,69,33,33,3301.173744,3301.173744
BP_DropPod1_2 (137m),FGItemPickup_Spawnable_46,CircuitBoard,8,157313.375,-42293.33594,8161.582031,59,21,21,2088.085508,2088.085508
BP_DropPod2_1 (39m),FGItemPickup_Spawnable_47,Wire,437,206632.2344,-67634.17969,3810.638184,13,13,13,1273.117287,1273.117287
BP_DropPod2_1 (39m),FGItemPickup_Spawnable_48,Motor,9,207367.6406,-67547.02344,3819.111816,9,9,9,865.3976654,865.3976654
BP_DropPod2_1 (39m),FGItemPickup_Spawnable_49,SteelPlateReinforced,15,204777.4063,-69973,2579.138916,36,33,33,3326.828306,3326.828306
BP_DropPod2_1 (39m),FGItemPickup_Spawnable_50,Wire,201,206024.7969,-69953.76563,2808.326416,26,23,23,2304.94486,2304.94486
BP_DropPod2_1 (39m),FGItemPickup_Spawnable_51,ModularFrame,15,207814.3281,-69020.21875,3717.088379,7,7,7,680.1209055,680.1209055
BP_DropPod2_1 (39m),FGItemPickup_Spawnable_52,ModularFrame,9,206817.2031,-68625.07813,3732.998779,9,9,9,907.662903,907.662903
BP_DropPod1 (134m),FGItemPickup_Spawnable_53,Cable,84,88078.6875,-63722.69531,13496.29492,8,8,8,820.5404887,820.5404887
BP_DropPod1 (134m),FGItemPickup_Spawnable_54,AluminumPlateReinforced,7,86792.58594,-61700.69531,13133.62402,16,16,16,1588.084435,1588.084435
BP_DropPod1 (134m),FGItemPickup_Spawnable_55,ModularFrame,13,86561.625,-62357.96484,13148.9541,14,13,13,1330.080394,1330.080394
BP_DropPod1 (134m),FGItemPickup_Spawnable_56,CircuitBoard,9,86319.17969,-64495.80859,12820.24023,22,21,21,2080.692425,2080.692425
BP_DropPod1 (134m),FGItemPickup_Spawnable_57,Wire,222,87809.40625,-63027.49609,13603.64258,2,1,1,87.00289996,87.00289996
BP_DropPod1 (134m),FGItemPickup_Spawnable_58,IronPlateReinforced,27,86110.55469,-62930.26563,13106.98047,17,16,16,1629.752069,1629.752069
BP_DropPod2_0 (29m),FGItemPickup_Spawnable_59,IronPlateReinforced,21,47597.4375,197123.7188,2820.638184,14,14,14,1440.229716,1440.229716
BP_DropPod4 (120m),FGItemPickup_Spawnable_6,Cable,18,110504.7969,-112047.8203,11762.20996,12,12,12,1219.436121,1219.436121
BP_DropPod2_0 (29m),FGItemPickup_Spawnable_60,Wire,363,46826.15625,197217.5156,2759.574463,18,18,18,1819.312816,1819.312816
BP_DropPod2_0 (29m),FGItemPickup_Spawnable_61,IronPlateReinforced,30,47144.22266,196419.4844,2797.739746,10,10,10,994.7270123,994.7270123
BP_DropPod2_0 (29m),FGItemPickup_Spawnable_62,IronPlateReinforced,21,46515.85547,196236.375,2784.818359,14,14,14,1422.26079,1422.26079
BP_DropPod2 (78m),FGItemPickup_Spawnable_65,Wire,368,-25887.43164,-128781.4219,7935.040527,5,5,5,514.2117389,514.2117389
BP_DropPod2 (78m),FGItemPickup_Spawnable_67,IronPlateReinforced,31,-25571.25,-129773.25,7992.467773,11,10,10,1048.118077,1048.118077
BP_DropPod2 (78m),FGItemPickup_Spawnable_68,IronScrew,210,-25324.36719,-129795.7813,8010.763184,13,13,13,1251.439183,1251.439183
BP_DropPod2 (78m),FGItemPickup_Spawnable_69,Wire,213,-24674.17578,-129360.3438,7973.797852,17,17,17,1682.613113,1682.613113
BP_DropPod4 (120m),FGItemPickup_Spawnable_7,IronScrew,378,109364.5859,-112281.9297,11641.38965,20,20,20,1997.934757,1997.934757
BP_DropPod2 (78m),FGItemPickup_Spawnable_70,CircuitBoard,11,-27198.37891,-129874.6406,7717.898438,12,12,12,1201.115622,1201.115622
BP_DropPod3_1 (136m),FGItemPickup_Spawnable_72,Computer,17,16562.75195,-138177.6094,13731.96582,18,18,18,1767.609198,1767.609198
BP_DropPod3_1 (136m),FGItemPickup_Spawnable_73,Cable,33,18665.24414,-137246.4063,13495.33594,9,9,9,916.5713226,916.5713226
BP_DropPod3_1 (136m),FGItemPickup_Spawnable_74,IronPlateReinforced,16,16015.41895,-137622.5781,13750.45703,19,19,19,1924.048012,1924.048012
BP_DropPod3_1 (136m),FGItemPickup_Spawnable_75,Cable,72,17210.73438,-136753.3281,13673.63477,6,6,6,620.5551356,620.5551356
BP_DropPod4 (120m),FGItemPickup_Spawnable_8,IronPlateReinforced,22,110888.1094,-112525.1094,11868.44238,6,6,6,609.2819062,609.2819062
BP_DropPod6 (-16m),FGItemPickup_Spawnable_80,IronScrew,135,272768.0625,30113.79492,-1615.057983,20,20,20,2026.776246,2026.776246
BP_DropPod6 (-16m),FGItemPickup_Spawnable_81,CircuitBoard,11,273254.5,28158.08008,-1809.375732,6,5,5,543.9411228,543.9411228
BP_DropPod6 (-16m),FGItemPickup_Spawnable_82,Wire,223,272366.9688,28922.77148,-1809.735229,9,9,9,904.734158,904.734158
BP_DropPod6 (-16m),FGItemPickup_Spawnable_83,IronPlateReinforced,22,273503.5938,26546.38867,-1578.245117,17,17,17,1731.284669,1731.284669
BP_DropPod6 (-16m),FGItemPickup_Spawnable_84,IronScrew,102,273327.9688,27791,-1809.373901,7,7,7,680.8878167,680.8878167
BP_DropPod6 (-16m),FGItemPickup_Spawnable_85,ModularFrame,10,271261.375,29083.73438,-1708.522217,18,18,18,1762.233857,1762.233857
BP_DropPod6 (-16m),FGItemPickup_Spawnable_86,CircuitBoard,11,271686.4063,27356.55078,-1809.375488,13,13,13,1262.088054,1262.088054
BP_DropPod4 (120m),FGItemPickup_Spawnable_9,Wire,309,110111.0859,-111904.4219,11765.61523,16,16,16,1582.679694,1582.679694
BP_DropPod9 (24m),FGItemPickup_Spawnable_95,IronPlateReinforced,12,250853.0469,60102.20313,-1496.645752,41,11,11,1092.750333,1092.750333
BP_DropPod9 (24m),FGItemPickup_Spawnable_96,ModularFrameHeavy,12,249801.0469,59285.79297,-1437.623291,39,3,3,275.2309844,275.2309844
BP_DropPod9 (24m),FGItemPickup_Spawnable_97,IronPlateReinforced,19,250460.8125,59321.73438,-1433.701904,39,6,6,581.5269651,581.5269651
BP_DropPod9 (24m),FGItemPickup_Spawnable_98,Computer,25,249400.9219,59871.02734,-1460.585938,39,6,6,618.3491684,618.3491684
BP_DropPod9 (24m),FGItemPickup_Spawnable_99,IronPlateReinforced,20,249259.5156,58047.58594,-1481.66333,42,16,16,1626.557706,1626.557706
