Item ID,Item Type,Amount,X,Y,Z
FGItemPickup_Spawnable115,IronPlate,103,294650.1875,-172702.28125,8094.34521484375
FGItemPickup_Spawnable184,SteelPipe,34,294222.40625,-171439.984375,7312.923828125
FGItemPickup_Spawnable125,Rotor,32,295045.53125,-172384.546875,7692.228515625
FGItemPickup_Spawnable119,IronPlateReinforced,37,294137.03125,-172153.296875,7993.13720703125
FGItemPickup_Spawnable182,ModularFrame,13,294364.875,-172619.84375,7920.76025390625
FGItemPickup_Spawnable114,Cement,128,294420.15625,-173139.453125,8139.57470703125
FGItemPickup_Spawnable_427,IronRod,112,362012.5,-218536.453125,4105.4248046875
FGItemPickup_Spawnable_UAID_40B076DF2F7994C301_1349062140,IronPlateReinforced,27,361161.96875,-218614.953125,4113.55126953125
FGItemPickup_Spawnable_428,Rotor,29,363272.0,-215973.828125,4085.749267578125
FGItemPickup_Spawnable_UAID_40B076DF2F7994C301_1377266141,Cement,80,360957.625,-218025.703125,4069.35400390625
FGItemPickup_Spawnable_UAID_40B076DF2F7994C301_1377300142,Wire,118,364645.15625,-219153.0,4036.2060546875
FGItemPickup_Spawnable_UAID_40B076DF2F7994C301_1349023139,Cable,110,361934.46875,-216663.34375,4015.592041015625
FGItemPickup_Spawnable_416,Rotor,59,302115.21875,-245522.375,4396.068359375
FGItemPickup_Spawnable_417,Rotor,66,304729.5625,-243308.828125,4045.154541015625
FGItemPickup_Spawnable_415,SteelPipe,120,301876.5625,-247807.6875,2612.859375
FGItemPickup_Spawnable_418,SteelPlateReinforced,40,304404.4375,-244986.375,4076.5625
FGItemPickup_Spawnable_420,Medkit,2,304038.09375,-244328.359375,4773.28955078125
FGItemPickup_Spawnable_UAID_40B076DF2F790DCC01_1241109912,CopperSheet,65,304625.21875,-243649.5,4073.15234375
FGItemPickup_Spawnable_UAID_40B076DF2F7910CC01_1825300446,SteelPlate,90,367683.25,-300163.0,-7563.0
FGItemPickup_Spawnable_UAID_40B076DF2F7910CC01_1825274441,IronPlateReinforced,51,365819.84375,-300722.90625,-7468.7939453125
FGItemPickup_Spawnable_UAID_40B076DF2F7910CC01_1825299445,Stator,15,367643.53125,-301063.0,-7476.0751953125
FGItemPickup_Spawnable_UAID_40B076DF2F7910CC01_1825298444,SteelPlateReinforced,60,366505.46875,-301600.875,-7421.58984375
FGItemPickup_Spawnable_UAID_40B076DF2F7910CC01_1825296442,IronPlateReinforced,73,367055.0625,-301392.625,-7409.2041015625
FGItemPickup_Spawnable_UAID_40B076DF2F7910CC01_1825297443,SteelPlate,110,365068.0625,-302291.40625,-7332.0732421875
FGItemPickup_Spawnable_UAID_40B076DF2F79A7CD01_2130364060,Motor,18,237635.4375,-314611.375,9874.5625
FGItemPickup_Spawnable_UAID_40B076DF2F79A7CD01_2130336056,SteelPlateReinforced,35,236264.21875,-313065.5,9957.15234375
FGItemPickup_Spawnable_UAID_40B076DF2F79A7CD01_2130361058,CopperSheet,121,235213.5625,-312162.8125,9933.154296875
FGItemPickup_Spawnable_UAID_40B076DF2F79A7CD01_2130365061,Filter,3,233138.078125,-313534.375,9918.2890625
FGItemPickup_Spawnable_UAID_40B076DF2F79A7CD01_2130362059,Stator,49,234244.546875,-315386.6875,9997.859375
FGItemPickup_Spawnable_UAID_40B076DF2F79A7CD01_2130359057,ModularFrame,30,233463.21875,-314702.375,9956.068359375
FGItemPickup_Spawnable_UAID_40B076DF2F79B6D601_1428906228,HighSpeedWire,150,175817.171875,-276751.71875,21020.224609375
FGItemPickup_Spawnable_UAID_40B076DF2F79B6D601_1428907229,ModularFrameHeavy,28,176259.96875,-278623.09375,20881.826171875
FGItemPickup_Spawnable_UAID_40B076DF2F79B6D601_1428901226,AluminumCasing,60,176219.78125,-276122.46875,20903.373046875
FGItemPickup_Spawnable_UAID_40B076DF2F79B6D601_1428903227,MotorLightweight,7,176321.9375,-277636.46875,20889.955078125
FGItemPickup_Spawnable_UAID_40B076DF2F79B6D601_1428898225,AluminumPlateReinforced,15,172659.515625,-277297.90625,21639.169921875
FGItemPickup_Spawnable_UAID_40B076DF2F79B6D601_1428877224,AluminumCasing,75,172462.875,-278159.375,21552.814453125
FGItemPickup_Spawnable_UAID_40B076DF2F79B6D601_1844807233,ElectromagneticControlRod,15,178195.9375,-243802.53125,7677.30029296875
FGItemPickup_Spawnable_UAID_40B076DF2F79B6D601_1844777230,AluminumCasing,89,175339.875,-244328.375,7071.814453125
FGItemPickup_Spawnable_UAID_40B076DF2F79B6D601_1844812235,ModularFrameHeavy,37,177887.96875,-244765.09375,7419.8251953125
FGItemPickup_Spawnable_UAID_40B076DF2F79B6D601_1844799231,MotorLightweight,8,175207.71875,-241683.5,7427.35009765625
FGItemPickup_Spawnable_UAID_40B076DF2F79B6D601_1844804232,AluminumPlate,71,177551.78125,-242843.453125,7702.37255859375
FGItemPickup_Spawnable_UAID_40B076DF2F79B6D601_1844811234,ModularFrameHeavy,31,176729.171875,-243250.71875,7445.6162109375
FGItemPickup_Spawnable_UAID_40B076DF2F79B2D601_1162964519,Computer,31,192456.96875,-237004.09375,23098.826171875
FGItemPickup_Spawnable_UAID_40B076DF2F79B2D601_1162963518,HighSpeedWire,109,192234.171875,-234898.71875,23080.224609375
FGItemPickup_Spawnable_UAID_40B076DF2F79B2D601_1162956515,ElectromagneticControlRod,15,189354.921875,-235487.3125,23140.05859375
FGItemPickup_Spawnable_UAID_40B076DF2F79B2D601_1162960516,QuartzCrystal,120,190879.78125,-234464.453125,23138.373046875
FGItemPickup_Spawnable_UAID_40B076DF2F79B2D601_1162935514,AluminumPlate,77,189154.875,-236481.375,23142.814453125
FGItemPickup_Spawnable_UAID_40B076DF2F79B2D601_1162961517,MotorLightweight,9,192540.9375,-236285.53125,23112.30078125
FGItemPickup_Spawnable_UAID_40B076DF2F7908CC01_1420583025,Stator,22,360213.34375,-104472.6953125,11208.9560546875
FGItemPickup_Spawnable_UAID_40B076DF2F7908CC01_1420580023,Stunshot,6,359179.3125,-105621.6953125,11365.734375
FGItemPickup_Spawnable_UAID_40B076DF2F7908CC01_1420585027,CopperSheet,98,357639.3125,-104662.28125,11029.1201171875
FGItemPickup_Spawnable_UAID_40B076DF2F7908CC01_1420584026,IronPlateReinforced,74,358632.71875,-103315.640625,11128.1083984375
FGItemPickup_Spawnable_UAID_40B076DF2F7908CC01_1420554022,Rotor,53,357789.65625,-104815.484375,11058.7763671875
FGItemPickup_Spawnable_UAID_40B076DF2F7908CC01_1420582024,ModularFrame,15,358497.84375,-104903.4921875,11131.94921875
FGItemPickup_Spawnable_UAID_40B076DF2F79FECB01_2113016257,Stator,40,348195.71875,-40770.03515625,-1743.200927734375
FGItemPickup_Spawnable_UAID_40B076DF2F79FECB01_2113020261,SteelPlate,62,346649.1875,-39955.54296875,-1738.88818359375
FGItemPickup_Spawnable_UAID_40B076DF2F79FECB01_2113018259,SteelPlateReinforced,17,349661.375,-39793.4609375,-1582.0726318359375
FGItemPickup_Spawnable_UAID_40B076DF2F79FECB01_2113019260,IronPlateReinforced,58,347451.71875,-38624.640625,-1693.8912353515625
FGItemPickup_Spawnable_UAID_40B076DF2F79FECB01_2112985256,Rotor,69,346549.375,-40608.55859375,-1727.4285888671875
FGItemPickup_Spawnable_UAID_40B076DF2F79FECB01_2113017258,ModularFrame,25,346724.1875,-40932.5,-1779.0523681640625
FGItemPickup_Spawnable_UAID_40B076DF2F7997C301_1629255675,IronPlateReinforced,15,277813.375,-50067.4609375,5991.92724609375
FGItemPickup_Spawnable_UAID_40B076DF2F7997C301_1629256676,IronPlateReinforced,22,276606.71875,-52238.03515625,5987.798828125
FGItemPickup_Spawnable_UAID_40B076DF2F7997C301_1629252672,Wire,104,274615.71875,-49098.640625,5901.10888671875
FGItemPickup_Spawnable_UAID_40B076DF2F7997C301_1629220671,IronRod,122,273657.375,-51992.55859375,5986.5712890625
FGItemPickup_Spawnable_UAID_40B076DF2F7997C301_1629253673,Cement,96,273248.1875,-50479.54296875,5793.11181640625
FGItemPickup_Spawnable_UAID_40B076DF2F7997C301_1629254674,IronScrew,27,272770.09375,-52032.59765625,5909.10986328125
FGItemPickup_Spawnable_398,Silica,67,233033.78125,-20777.0,8806.404296875
FGItemPickup_Spawnable_400,CartridgeSmart,20,233370.171875,-20183.31640625,8803.0
FGItemPickup_Spawnable_397,HighSpeedWire,125,233224.375,-20616.935546875,8804.9365234375
FGItemPickup_Spawnable_396,ModularFrameHeavy,32,233836.390625,-19940.427734375,8802.5009765625
FGItemPickup_Spawnable_399,Silica,89,233683.0625,-21278.921875,8803.125
FGItemPickup_Spawnable_UAID_40B076DF2F7949CE01_1110513573,ModularFrameHeavy,18,211800.203125,-68579.078125,13830.0556640625
FGItemPickup_Spawnable_UAID_40B076DF2F79D9D401_1734536295,Silica,110,199363.46875,-41072.6953125,13862.115234375
FGItemPickup_Spawnable_UAID_40B076DF2F79D9D401_1734567298,ModularFrameHeavy,27,198978.90625,-40858.51953125,13792.380859375
FGItemPickup_Spawnable_UAID_40B076DF2F79D9D401_1734565297,Computer,28,199969.640625,-41318.07421875,13926.8349609375
FGItemPickup_Spawnable_UAID_40B076DF2F79D9D401_1734577300,CrystalOscillator,32,199503.609375,-41647.41796875,13978.3251953125
FGItemPickup_Spawnable_395,Computer,16,209236.203125,-68308.078125,12128.0556640625
FGItemPickup_Spawnable_390,Stator,56,208803.234375,-67484.1796875,13894.638671875
FGItemPickup_Spawnable_393,Plastic,85,208399.796875,-65057.765625,9112.4912109375
FGItemPickup_Spawnable_394,Plastic,106,210493.328125,-67907.21875,13825.087890625
FGItemPickup_Spawnable_391,Stator,55,209068.640625,-68117.0234375,12137.111328125
FGItemPickup_Spawnable_UAID_40B076DF2F79D9D401_1734562296,TurboFuel,7,198102.296875,-40248.4296875,13607.361328125
FGItemPickup_Spawnable_UAID_40B076DF2F79B9D601_1495295771,ElectromagneticControlRod,15,188897.171875,-127497.40625,15986.9482421875
FGItemPickup_Spawnable_UAID_40B076DF2F79B9D601_1495273770,AluminumCasing,90,187532.703125,-128964.6484375,15921.9853515625
FGItemPickup_Spawnable_UAID_40B076DF2F79B9D601_1495299773,AluminumPlateReinforced,17,191382.90625,-128120.8515625,16019.171875
FGItemPickup_Spawnable_UAID_40B076DF2F79B9D601_1495303774,Computer,30,190132.0,-128628.0,15991.2763671875
FGItemPickup_Spawnable_UAID_40B076DF2F79B9D601_1495297772,Silica,72,189654.625,-126234.734375,15977.146484375
FGItemPickup_Spawnable_UAID_40B076DF2F79B9D601_1495307775,HighSpeedWire,107,191329.8125,-129448.3671875,15968.7783203125
FGItemPickup_Spawnable_UAID_40B076DF2F79B1D601_1363267337,Computer,26,161609.828125,-146949.296875,23128.642578125
FGItemPickup_Spawnable_UAID_40B076DF2F79B1D601_1363264336,Computer,33,160905.0,-144868.0,23159.396484375
FGItemPickup_Spawnable_UAID_40B076DF2F79B1D601_1363260334,QuartzCrystal,77,161579.578125,-144433.71875,23167.935546875
FGItemPickup_Spawnable_UAID_40B076DF2F79B1D601_1363261335,PackagedBiofuel,8,161672.765625,-145606.8125,23154.470703125
FGItemPickup_Spawnable_UAID_40B076DF2F79B1D601_1363204332,Silica,69,157821.984375,-146450.9375,23358.103515625
FGItemPickup_Spawnable_UAID_40B076DF2F79B1D601_1363258333,AluminumPlateReinforced,17,158022.734375,-145613.890625,23204.91015625
FGItemPickup_Spawnable_UAID_40B076DF2F7948CE01_1312028385,CircuitBoard,71,128864.0,-116212.0,-1498.806884765625
FGItemPickup_Spawnable_UAID_40B076DF2F7948CE01_1312026383,Rubber,100,125126.0,-118364.0,-1487.26611328125
FGItemPickup_Spawnable_UAID_40B076DF2F7948CE01_1312024381,Computer,19,126071.0,-115999.0,-1494.1632080078125
FGItemPickup_Spawnable_UAID_40B076DF2F7948CE01_1312027384,HighSpeedWire,65,128983.0,-117443.0,-1491.3817138671875
FGItemPickup_Spawnable_UAID_40B076DF2F7948CE01_1311992380,SteelPlateReinforced,74,128090.0,-115614.0,-1490.60400390625
FGItemPickup_Spawnable_UAID_40B076DF2F7948CE01_1312025382,Stator,70,128458.0,-118986.0,-1491.019775390625
FGItemPickup_Spawnable_UAID_40B076DF2F7927C501_1914602126,CopperSheet,30,109172.4453125,-112284.796875,11564.966796875
FGItemPickup_Spawnable_UAID_40B076DF2F7927C501_1914601125,IronPlateReinforced,39,109988.8046875,-112940.140625,11812.72265625
FGItemPickup_Spawnable_UAID_40B076DF2F7927C501_1914600124,IronPlateReinforced,32,110039.75,-112214.8125,11735.185546875
FGItemPickup_Spawnable_UAID_40B076DF2F7927C501_1914599123,IronPlate,145,109704.1796875,-112924.21875,11853.32421875
FGItemPickup_Spawnable_UAID_40B076DF2F7927C501_1914603127,ModularFrame,11,109546.0703125,-112572.5390625,11729.2939453125
FGItemPickup_Spawnable_UAID_40B076DF2F7927C501_1914572122,IronScrew,132,108522.0,-112815.0,11652.396484375
FGItemPickup_Spawnable163,AluminumPlate,65,98747.796875,-151275.78125,2330.559326171875
FGItemPickup_Spawnable_103,Rubber,131,99742.8046875,-152720.109375,1935.87060546875
FGItemPickup_Spawnable_108,ModularFrameHeavy,15,99126.8125,-151843.234375,2097.191162109375
FGItemPickup_Spawnable_106,Rubber,108,98503.1640625,-151533.453125,2323.874267578125
FGItemPickup_Spawnable166,Explosive,7,98900.765625,-150660.671875,2416.87060546875
FGItemPickup_Spawnable_107,Computer,17,100474.9453125,-153999.859375,1561.4755859375
FGItemPickup_Spawnable_UAID_40B076DF2F79B9D601_1286302765,AluminumPlateReinforced,16,108142.7421875,-162850.953125,15478.7998046875
FGItemPickup_Spawnable_UAID_40B076DF2F79B9D601_1286281764,QuartzCrystal,115,108959.703125,-163567.65625,15543.9853515625
FGItemPickup_Spawnable_UAID_40B076DF2F79B9D601_1286313768,Computer,28,110859.0,-161811.0,15618.396484375
FGItemPickup_Spawnable_UAID_40B076DF2F79B9D601_1286309767,HighSpeedConnector,2,111792.765625,-162906.8125,15751.4716796875
FGItemPickup_Spawnable_UAID_40B076DF2F798BCE01_1883524204,SteelPlateReinforced,69,120195.0,-164592.0,-188.6039581298828
FGItemPickup_Spawnable_UAID_40B076DF2F79B9D601_1286305766,AluminumCasing,86,112254.6171875,-162208.734375,15773.5439453125
FGItemPickup_Spawnable_UAID_40B076DF2F798BCE01_1883519201,ModularFrameHeavy,18,118523.0,-166053.0,-192.1631622314453
FGItemPickup_Spawnable_UAID_40B076DF2F798BCE01_1883495200,Motor,30,117900.0,-166846.0,-181.26614379882812
FGItemPickup_Spawnable_UAID_40B076DF2F798BCE01_1883525205,Stator,57,121187.0,-167468.0,-112.019775390625
FGItemPickup_Spawnable_UAID_40B076DF2F79B9D601_1286316769,HighSpeedWire,110,111739.8046875,-164171.359375,15827.99609375
FGItemPickup_Spawnable_UAID_40B076DF2F798BCE01_1883521202,Motor,17,120265.0,-165520.0,-179.806884765625
FGItemPickup_Spawnable_UAID_40B076DF2F798BCE01_1502726193,SteelPlateReinforced,71,85997.0,-171557.0,-416.019775390625
FGItemPickup_Spawnable_UAID_40B076DF2F798BCE01_1502722190,Plastic,111,86837.0,-169181.0,-412.806884765625
FGItemPickup_Spawnable_UAID_40B076DF2F798BCE01_1502724192,Stator,55,85749.0,-168838.0,-315.6039733886719
FGItemPickup_Spawnable_UAID_40B076DF2F798BCE01_1502696188,Rubber,88,83788.0,-171426.0,-301.2661437988281
FGItemPickup_Spawnable_UAID_40B076DF2F798BCE01_1502720189,HighSpeedWire,80,84482.0,-170164.0,-249.1631622314453
FGItemPickup_Spawnable_UAID_40B076DF2F798BCE01_1502723191,Computer,9,86433.0,-169916.0,-326.3817138671875
FGItemPickup_Spawnable_UAID_40B076DF2F798BCE01_1883522203,HighSpeedWire,45,121712.0,-164945.0,-189.3817138671875
FGItemPickup_Spawnable166_UAID_40B076DF2F79E7CE01_2045958380,AluminumCasing,80,52164.65625,-162619.09375,15512.025390625
FGItemPickup_Spawnable_UAID_40B076DF2F79E7CE01_2045956378,ModularFrameHeavy,21,53463.70703125,-163221.640625,15482.345703125
FGItemPickup_Spawnable_UAID_40B076DF2F79E7CE01_2045957379,Motor,18,51956.05078125,-163710.859375,15461.029296875
FGItemPickup_Spawnable_UAID_40B076DF2F79E7CE01_2045936375,HighSpeedWire,87,52164.8359375,-164160.265625,15546.630859375
FGItemPickup_Spawnable163_UAID_40B076DF2F79E7CE01_2045954376,CrystalOscillator,35,52798.69140625,-163047.1875,15477.7138671875
FGItemPickup_Spawnable_UAID_40B076DF2F79E7CE01_2045955377,CircuitBoard,127,51759.265625,-163487.03125,15471.6923828125
FGItemPickup_Spawnable_UAID_40B076DF2F7980C301_1430572610,IronRod,66,16142.0,-138193.0,13739.927734375
FGItemPickup_Spawnable_UAID_40B076DF2F7980C301_1430574612,Rotor,27,16754.0,-137037.0,13693.98046875
FGItemPickup_Spawnable_UAID_40B076DF2F7980C301_1430571609,IronScrew,136,18604.0,-136521.0,13592.193359375
FGItemPickup_Spawnable_UAID_40B076DF2F7980C301_1430575613,Rotor,37,17931.0,-136332.0,13657.228515625
FGItemPickup_Spawnable_UAID_40B076DF2F7980C301_1430573611,IronPlate,106,17067.0,-137240.0,13695.06640625
FGItemPickup_Spawnable_UAID_40B076DF2F7980C301_1430532608,IronScrew,122,17940.0,-137566.0,13599.6181640625
FGItemPickup_Spawnable_UAID_40B076DF2F7926C501_1619382940,IronRod,115,-26343.0,-128271.0,7926.39599609375
FGItemPickup_Spawnable_UAID_40B076DF2F7926C501_1619418945,ComputerSuper,1,-29442.0,-129172.0,8048.6181640625
FGItemPickup_Spawnable_UAID_40B076DF2F7926C501_1619417944,CopperSheet,60,-26765.0,-127959.0,7941.8369140625
FGItemPickup_Spawnable_UAID_40B076DF2F7926C501_1619413941,IronPlate,136,-25624.0,-129766.0,7986.97998046875
FGItemPickup_Spawnable_UAID_40B076DF2F7926C501_1619416943,IronPlateReinforced,54,-26149.0,-130296.0,8019.73388671875
FGItemPickup_Spawnable_UAID_40B076DF2F7926C501_1619414942,Rotor,42,-24008.0,-127935.0,8014.19287109375
FGItemPickup_Spawnable_UAID_40B076DF2F7945CE01_1667084850,NobeliskGas,54,-55348.0,-149093.0,573.6182861328125
FGItemPickup_Spawnable_UAID_40B076DF2F7945CE01_1667083849,Motor,29,-57456.0,-150142.0,354.7338562011719
FGItemPickup_Spawnable_UAID_40B076DF2F7945CE01_1667082848,Stator,70,-55750.0,-149314.0,556.980224609375
FGItemPickup_Spawnable_UAID_40B076DF2F7945CE01_1667062846,SteelPlateReinforced,63,-57057.0,-147203.0,1797.39599609375
FGItemPickup_Spawnable_UAID_40B076DF2F7945CE01_1667085851,CircuitBoard,65,-54745.0,-147594.0,751.193115234375
FGItemPickup_Spawnable_UAID_40B076DF2F7945CE01_1667081847,Computer,12,-57686.0,-147637.0,1648.8367919921875
FGItemPickup_Spawnable_UAID_40B076DF2F79EACE01_1611284923,QuartzCrystal,65,-56053.0,-205752.0,7786.8369140625
FGItemPickup_Spawnable_UAID_40B076DF2F79EACE01_1611263919,Computer,26,-55914.6953125,-207082.0,7776.93701171875
FGItemPickup_Spawnable_UAID_40B076DF2F79EACE01_1611281920,CrystalOscillator,30,-53407.0,-205606.0,7811.6181640625
FGItemPickup_Spawnable_UAID_40B076DF2F79EACE01_1611284922,Computer,29,-54031.0,-205058.0,7765.19287109375
FGItemPickup_Spawnable_UAID_40B076DF2F79EACE01_1611286924,CircuitBoard,111,-54648.0,-204505.0,7792.39599609375
FGItemPickup_Spawnable_UAID_40B076DF2F79EACE01_1611282921,CircuitBoard,149,-54025.0,-207360.0,7726.97998046875
FGItemPickup_Spawnable_UAID_40B076DF2F798BCE01_1846408199,SteelPlateReinforced,55,-48783.0,-260130.0,-1551.019775390625
FGItemPickup_Spawnable_UAID_40B076DF2F798BCE01_1846404196,Plastic,80,-48895.0,-257828.0,-1456.806884765625
FGItemPickup_Spawnable_UAID_40B076DF2F798BCE01_1846403195,HighSpeedWire,19,-51088.0,-257765.0,-1601.1632080078125
FGItemPickup_Spawnable_UAID_40B076DF2F798BCE01_1846406198,SteelPlateReinforced,75,-49669.0,-257275.0,-1413.60400390625
FGItemPickup_Spawnable_UAID_40B076DF2F798BCE01_1846376194,Plastic,67,-50398.1875,-259980.4375,-1585.1048583984375
FGItemPickup_Spawnable_UAID_40B076DF2F798BCE01_1846405197,Fuel,3,-48826.0,-258881.0,-1529.3817138671875
FGItemPickup_Spawnable_UAID_40B076DF2F7986CE01_1126604297,HighSpeedWire,75,-662.0,-237283.0,-1783.1632080078125
FGItemPickup_Spawnable_UAID_40B076DF2F7986CE01_1126607300,SteelPlateReinforced,71,549.0,-237523.0,-1819.60400390625
FGItemPickup_Spawnable_UAID_40B076DF2F7986CE01_1126605298,Motor,95,-268.0,-236863.0,-1746.806884765625
FGItemPickup_Spawnable_UAID_40B076DF2F7986CE01_1126579296,Rubber,78,1195.0,-238336.0,-1814.26611328125
FGItemPickup_Spawnable_UAID_40B076DF2F7986CE01_1126609301,SteelPlateReinforced,57,-1395.0,-238804.0,-1821.019775390625
FGItemPickup_Spawnable_UAID_40B076DF2F7986CE01_1126606299,NobeliskGas,4,226.0,-236608.0,-1751.3817138671875
FGItemPickup_Spawnable_UAID_40B076DF2F798BCE01_1453329182,Rubber,88,44078.44921875,-244554.359375,-869.5781860351562
FGItemPickup_Spawnable_UAID_40B076DF2F798BCE01_1453351183,Computer,8,42849.7109375,-244170.171875,-1771.8702392578125
FGItemPickup_Spawnable_UAID_40B076DF2F798BCE01_1453356187,Stator,67,44563.0,-246619.0,-1098.019775390625
FGItemPickup_Spawnable_UAID_40B076DF2F798BCE01_1453355186,Stator,56,44674.0,-243825.0,-851.6039428710938
FGItemPickup_Spawnable_UAID_40B076DF2F798BCE01_1453354185,Computer,14,45031.953125,-245496.671875,-886.8008422851562
FGItemPickup_Spawnable_UAID_40B076DF2F798BCE01_1453352184,Rubber,100,45475.3359375,-244615.953125,-856.4299926757812
FGItemPickup_Spawnable_UAID_40B076DF2F7985CE01_1907926116,Rubber,117,7454.0,-186982.0,-1499.806884765625
FGItemPickup_Spawnable_UAID_40B076DF2F7985CE01_1907927117,ModularFrameHeavy,8,7504.0,-188000.0,-1530.3817138671875
FGItemPickup_Spawnable_UAID_40B076DF2F7985CE01_1907930119,Stator,54,5241.0,-189314.0,-1507.019775390625
FGItemPickup_Spawnable_UAID_40B076DF2F7985CE01_1907900114,Plastic,69,5334.0,-188245.0,-1546.26611328125
FGItemPickup_Spawnable_UAID_40B076DF2F7985CE01_1907924115,Computer,9,4371.0,-188586.0,-1346.1632080078125
FGItemPickup_Spawnable_UAID_40B076DF2F7985CE01_1907929118,SteelPlateReinforced,66,3835.0,-187659.0,-1538.60400390625
FGItemPickup_Spawnable_UAID_40B076DF2F79ABCB01_1811274628,Rotor,63,-124835.03125,-168706.28125,29306.65625
FGItemPickup_Spawnable_UAID_40B076DF2F79ABCB01_1811242624,SteelPlateReinforced,25,-123176.6171875,-166539.953125,29160.962890625
FGItemPickup_Spawnable_UAID_40B076DF2F79ABCB01_1811272626,ModularFrame,29,-126563.71875,-167193.296875,29650.0
FGItemPickup_Spawnable_UAID_40B076DF2F79ABCB01_1811271625,ModularFrame,16,-124051.0625,-167521.5,29258.4140625
FGItemPickup_Spawnable_UAID_40B076DF2F79ABCB01_1811273627,Medkit,5,-124128.0,-167993.0,29265.98046875
FGItemPickup_Spawnable_UAID_40B076DF2F79ABCB01_1811275629,IronPlateReinforced,66,-124736.5390625,-166989.140625,29421.404296875
FGItemPickup_Spawnable_UAID_40B076DF2F7939C301_2122941131,Wire,76,-146381.65625,-136670.9375,2160.7685546875
FGItemPickup_Spawnable_UAID_40B076DF2F7939C301_2122943133,IronPlateReinforced,15,-145332.0,-135849.0,1406.7279052734375
FGItemPickup_Spawnable_UAID_40B076DF2F7939C301_2122942132,Rotor,18,-146148.828125,-135687.546875,1335.8955078125
FGItemPickup_Spawnable_UAID_40B076DF2F7939C301_2122903128,IronPlate,128,-146678.0,-136566.0,2115.650146484375
FGItemPickup_Spawnable_UAID_40B076DF2F7939C301_2122940130,Cement,66,-146246.0,-137415.0,2590.571044921875
FGItemPickup_Spawnable_UAID_40B076DF2F7939C301_2122939129,IronScrew,118,-146649.0,-137208.0,2566.6181640625
FGItemPickup_Spawnable_UAID_40B076DF2F79CCC501_1093634131,IronPlateReinforced,60,-173631.03125,-196658.28125,-1731.232421875
FGItemPickup_Spawnable_UAID_40B076DF2F79CCC501_1093655135,IronPlateReinforced,59,-174757.546875,-195519.140625,-1645.2215576171875
FGItemPickup_Spawnable_UAID_40B076DF2F79CCC501_1093654134,Stator,37,-175382.625,-196722.953125,-1726.0369873046875
FGItemPickup_Spawnable_UAID_40B076DF2F79CCC501_1093656136,SteelPipe,98,-176586.71875,-195777.296875,-1548.9993896484375
FGItemPickup_Spawnable_UAID_40B076DF2F79CCC501_1093653133,SteelPlateReinforced,21,-174118.0,-196163.0,-1705.01904296875
FGItemPickup_Spawnable_UAID_40B076DF2F79CCC501_1093652132,SteelPipe,106,-174186.0625,-195813.5,-1714.5853271484375
FGItemPickup_Spawnable_UAID_40B076DF2F79C8C501_1120035422,SteelPipe,106,-244257.0625,-142446.5,4408.41455078125
FGItemPickup_Spawnable_UAID_40B076DF2F79C8C501_1120039426,SteelPipe,98,-246664.71875,-142410.296875,4438.00048828125
FGItemPickup_Spawnable_UAID_40B076DF2F79C8C501_1120036423,SteelPlateReinforced,21,-244154.0,-142796.0,4434.98095703125
FGItemPickup_Spawnable_UAID_40B076DF2F79C8C501_1120010421,IronPlateReinforced,60,-244223.03125,-143895.28125,4499.767578125
FGItemPickup_Spawnable_UAID_40B076DF2F79C8C501_1120038425,IronPlateReinforced,59,-244841.546875,-142152.140625,4430.404296875
FGItemPickup_Spawnable_UAID_40B076DF2F79C8C501_1120037424,Stator,37,-245354.625,-143523.953125,4453.962890625
FGItemPickup_Spawnable_UAID_40B076DF2F791CC501_2060866161,SteelPlate,50,-194948.09375,-58664.0546875,-353.5832214355469
FGItemPickup_Spawnable_UAID_40B076DF2F791CC501_2060864159,IronPlateReinforced,36,-196710.578125,-58820.86328125,-324.4616394042969
FGItemPickup_Spawnable_UAID_40B076DF2F791CC501_2060862157,IronPlate,102,-196507.703125,-60799.2578125,-321.0380859375
FGItemPickup_Spawnable_UAID_40B076DF2F791CC501_2060835156,IronScrew,111,-197235.09375,-59475.140625,-322.9495544433594
FGItemPickup_Spawnable_UAID_40B076DF2F791CC501_2060863158,IronPlateReinforced,47,-194777.09375,-59474.8203125,-329.2945251464844
FGItemPickup_Spawnable_UAID_40B076DF2F791CC501_2060865160,CopperSheet,58,-195618.71875,-57525.19921875,-346.8668518066406
FGItemPickup_Spawnable_UAID_40B076DF2F7931C301_1073929716,IronRod,74,-233219.0,-51066.0,-461.4290466308594
FGItemPickup_Spawnable_UAID_40B076DF2F7931C301_1073894714,Cable,150,-232459.0,-50591.0,-353.1138000488281
FGItemPickup_Spawnable_UAID_40B076DF2F7931C301_1073931718,Rotor,40,-233157.0,-51281.0,-468.4290466308594
FGItemPickup_Spawnable_UAID_40B076DF2F7931C301_1073932719,IronPlateReinforced,15,-232782.0,-52127.0,-495.2721252441406
FGItemPickup_Spawnable_UAID_40B076DF2F7931C301_1073930717,IronPlate,74,-231695.0,-50700.0,-366.4290466308594
FGItemPickup_Spawnable_UAID_40B076DF2F7931C301_1073928715,IronScrew,118,-232049.0,-51666.0,-451.4290466308594
FGItemPickup_Spawnable_UAID_40B076DF2F791EC501_2065670515,IronPlate,147,-201020.703125,-20082.259765625,12104.5986328125
FGItemPickup_Spawnable_UAID_40B076DF2F79DBC401_1695500711,IronRod,15,-157289.859375,-65615.1328125,12059.08984375
FGItemPickup_Spawnable_UAID_40B076DF2F79DBC401_1695504714,CopperSheet,150,-156947.875,-64139.07421875,12131.486328125
FGItemPickup_Spawnable_UAID_40B076DF2F79DBC401_1695502712,Rotor,118,-156106.25,-64984.6953125,12089.134765625
FGItemPickup_Spawnable_UAID_40B076DF2F79DBC401_1695505715,Biofuel,74,-156284.25,-64173.9296875,12110.7392578125
FGItemPickup_Spawnable_UAID_40B076DF2F79DBC401_1695503713,IronPlateReinforced,74,-157495.734375,-64688.7421875,12093.4375
FGItemPickup_Spawnable_UAID_40B076DF2F79DBC401_1695467710,IronRod,40,-157664.25,-64810.015625,12087.12890625
FGItemPickup_Spawnable_UAID_40B076DF2F791EC501_2065672517,Rotor,53,-200896.578125,-17680.865234375,12112.5703125
FGItemPickup_Spawnable_UAID_40B076DF2F791EC501_2065671516,IronPlateReinforced,59,-198963.09375,-18334.8203125,12094.705078125
FGItemPickup_Spawnable_UAID_40B076DF2F791EC501_2065674519,ModularFrame,15,-199129.09375,-17524.0546875,12061.4169921875
FGItemPickup_Spawnable_UAID_40B076DF2F791EC501_2065673518,SteelPlate,60,-199804.71875,-16385.19921875,12029.330078125
FGItemPickup_Spawnable_UAID_40B076DF2F791EC501_2065644514,IronRod,103,-202050.09375,-17865.140625,12104.9072265625
FGItemPickup_Spawnable_UAID_40B076DF2F79F4D201_1463604868,HighSpeedWire,127,-236033.09375,16687.09375,19649.236328125
FGItemPickup_Spawnable_UAID_40B076DF2F79F4D201_1463602866,AluminumPlate,32,-234819.578125,18118.083984375,19658.287109375
FGItemPickup_Spawnable_UAID_40B076DF2F79F4D201_1463580864,CrystalOscillator,58,-236159.046875,17587.55859375,19611.400390625
FGItemPickup_Spawnable_UAID_40B076DF2F79F4D201_1463606869,Computer,26,-236283.21875,15616.3759765625,19652.58984375
FGItemPickup_Spawnable_UAID_40B076DF2F79F4D201_1463601865,CrystalOscillator,39,-235459.59375,18115.48046875,19651.82421875
FGItemPickup_Spawnable_UAID_40B076DF2F79F4D201_1463603867,CoolingSystem,17,-235471.28125,18885.662109375,19611.896484375
FGItemPickup_Spawnable_UAID_40B076DF2F7937D301_1559501690,ModularFrameHeavy,25,-156915.234375,-5445.759765625,25370.6328125
FGItemPickup_Spawnable_UAID_40B076DF2F7937D301_1559495687,AluminumPlate,85,-155731.6875,-3293.478759765625,25283.052734375
FGItemPickup_Spawnable_UAID_40B076DF2F7937D301_1559499689,MotorLightweight,8,-155445.765625,-4541.3115234375,25306.564453125
FGItemPickup_Spawnable_UAID_40B076DF2F7937D301_1559412686,AluminumCasing,120,-157212.375,-4807.697265625,25326.083984375
FGItemPickup_Spawnable_UAID_40B076DF2F7937D301_1559502691,HighSpeedWire,109,-155327.0625,-3953.5595703125,25284.587890625
FGItemPickup_Spawnable_UAID_40B076DF2F7937D301_1559497688,ModularFrameFused,19,-157113.9375,-4087.145751953125,25297.85546875
FGItemPickup_Spawnable_UAID_40B076DF2F79F8D201_2068252585,ModularFrameHeavy,31,-141689.796875,23128.44140625,32589.07421875
FGItemPickup_Spawnable_UAID_40B076DF2F79F8D201_2068249582,MotorLightweight,11,-140832.625,24472.033203125,32786.8359375
FGItemPickup_Spawnable_UAID_40B076DF2F79F8D201_2068223580,Silica,89,-142090.90625,24495.939453125,32505.30078125
FGItemPickup_Spawnable_UAID_40B076DF2F79F8D201_2068251584,HighSpeedWire,101,-141426.1875,24843.70703125,32654.7265625
FGItemPickup_Spawnable_UAID_40B076DF2F79F8D201_2068247581,Silica,110,-141533.703125,24404.798828125,32694.267578125
FGItemPickup_Spawnable_UAID_40B076DF2F79F8D201_2068250583,CoolingSystem,17,-141279.0,24030.841796875,32709.2421875
FGItemPickup_Spawnable_UAID_40B076DF2F793BD301_1928595401,ModularFrameHeavy,37,-154364.53125,32883.84765625,18950.41796875
FGItemPickup_Spawnable_UAID_40B076DF2F793BD301_1928594400,ModularFrameHeavy,30,-153855.734375,34635.73046875,19106.583984375
FGItemPickup_Spawnable_UAID_40B076DF2F793BD301_1928592399,ModularFrameFused,18,-152292.578125,34392.6015625,19182.6484375
FGItemPickup_Spawnable_UAID_40B076DF2F793BD301_1928590397,QuartzCrystal,75,-153978.921875,35823.08203125,18991.26171875
FGItemPickup_Spawnable_UAID_40B076DF2F793BD301_1928591398,Explosive,6,-154679.9375,34797.85546875,18979.85546875
FGItemPickup_Spawnable_UAID_40B076DF2F793BD301_1928505396,AluminumPlate,78,-154637.015625,33441.484375,18978.240234375
FGItemPickup_Spawnable_UAID_40B076DF2F79B4CC01_1152459271,Stator,33,-129456.5,59295.671875,4779.984375
FGItemPickup_Spawnable_UAID_40B076DF2F79B4CC01_1152463275,CircuitBoard,52,-130147.8359375,60991.72265625,4820.5673828125
FGItemPickup_Spawnable_UAID_40B076DF2F79B4CC01_1152460272,ModularFrame,37,-129723.1796875,60785.203125,4829.87109375
FGItemPickup_Spawnable_UAID_40B076DF2F79B4CC01_1152462274,Stator,44,-129919.28125,60032.03125,4844.0478515625
FGItemPickup_Spawnable_UAID_40B076DF2F79B4CC01_1152434270,SteelPlate,121,-129975.5625,58752.53125,4802.63818359375
FGItemPickup_Spawnable_UAID_40B076DF2F79B4CC01_1152461273,Rubber,50,-129434.1796875,60927.1953125,4795.333984375
FGItemPickup_Spawnable_UAID_40B076DF2F799CDD01_1480630007,Plastic,38,-160471.0,66187.40625,3883.9833984375
FGItemPickup_Spawnable_UAID_40B076DF2F7956DD01_1858672679,EquipmentDescriptorShockShank,1,-160377.0,66352.40625,3920.9833984375
FGItemPickup_Spawnable_UAID_40B076DF2F799BDD01_1695234829,CopperSheet,150,-160652.0,66496.40625,3886.9833984375
FGItemPickup_Spawnable_UAID_40B076DF2F79A1DD01_1810870888,Motor,19,-160552.0,66660.40625,3925.9833984375
FGItemPickup_Spawnable_UAID_40B076DF2F79A2DD01_1733096065,SteelPipe,116,-161099.0,70001.40625,2736.9833984375
FGItemPickup_Spawnable_UAID_40B076DF2F799BDD01_2055748830,SteelPlate,130,-160786.0,66278.40625,3894.9833984375
FGItemPickup_Spawnable_UAID_40B076DF2F79B1CC01_1364298738,SteelPipe,112,-152850.1875,72509.203125,10288.87109375
FGItemPickup_Spawnable_UAID_40B076DF2F79B1CC01_1364301741,Motor,7,-153509.828125,73394.7265625,10520.5673828125
FGItemPickup_Spawnable_UAID_40B076DF2F79B1CC01_1364297737,SteelPlateReinforced,35,-152631.5,71440.671875,10035.984375
FGItemPickup_Spawnable_UAID_40B076DF2F79B1CC01_1364300740,Stator,38,-152553.28125,72135.03125,10189.0478515625
FGItemPickup_Spawnable_UAID_40B076DF2F79B1CC01_1364299739,Plastic,66,-152423.1875,72614.1953125,10089.333984375
FGItemPickup_Spawnable_UAID_40B076DF2F79B1CC01_1364265736,CopperSheet,105,-151098.5625,71765.53125,9570.6376953125
FGItemPickup_Spawnable_UAID_40B076DF2F79F6D201_1222016227,Computer,36,-117335.7890625,72705.4453125,17360.07421875
FGItemPickup_Spawnable_UAID_40B076DF2F79F6D201_1222013225,ModularFrameFused,7,-117038.0,74073.84375,17199.2421875
FGItemPickup_Spawnable_UAID_40B076DF2F79F6D201_1221990222,QuartzCrystal,69,-118624.90625,73932.9375,17065.30078125
FGItemPickup_Spawnable_UAID_40B076DF2F79F6D201_1222010223,AluminumCasing,88,-118261.703125,74271.796875,17058.267578125
FGItemPickup_Spawnable_UAID_40B076DF2F79F6D201_1222015226,ModularFrameHeavy,33,-117969.1875,75112.7109375,16948.7265625
FGItemPickup_Spawnable_UAID_40B076DF2F79F6D201_1222012224,NobeliskCluster,3,-117546.625,74459.03125,17108.8359375
FGItemPickup_Spawnable_UAID_40B076DF2F79ABDD01_1972325656,CopperSheet,140,-182510.140625,68798.328125,14384.6435546875
FGItemPickup_Spawnable_UAID_40B076DF2F79AADD01_1464699478,Stator,35,-182151.34375,69137.8203125,14393.501953125
FGItemPickup_Spawnable_UAID_40B076DF2F79AADD01_1889295479,SteelPlateReinforced,33,-182959.265625,69078.53125,14202.5732421875
FGItemPickup_Spawnable_UAID_40B076DF2F7956DD01_1675839678,NobeliskExplosive,1,-182706.453125,69246.59375,14190.591796875
FGItemPickup_Spawnable_UAID_40B076DF2F79A9DD01_1740292301,SteelPlate,134,-183601.4375,68985.25,12188.40625
FGItemPickup_Spawnable_UAID_40B076DF2F79A8DD01_1932653124,EquipmentDescriptorStunSpear,1,-183912.4375,68507.25,12234.40625
FGItemPickup_Spawnable_UAID_40B076DF2F795ED701_1798755776,Silica,55,-141400.1875,98701.1953125,18586.333984375
FGItemPickup_Spawnable_UAID_40B076DF2F795ED701_1798754775,CircuitBoard,140,-142360.5625,97133.53125,18499.638671875
FGItemPickup_Spawnable_UAID_40B076DF2F795ED701_1798752773,CircuitBoard,102,-141728.1875,98828.203125,18580.126953125
FGItemPickup_Spawnable_UAID_40B076DF2F795ED701_1798751772,AluminumCasing,60,-142074.828125,98593.7265625,18538.166015625
FGItemPickup_Spawnable_UAID_40B076DF2F795ED701_1798753774,HighSpeedWire,98,-141956.28125,98018.03125,18594.048828125
FGItemPickup_Spawnable_UAID_40B076DF2F795ED701_1798732771,HighSpeedWire,82,-141063.5,97700.671875,18604.279296875
FGItemPickup_Spawnable_UAID_40B076DF2F795ED701_1232929760,QuartzCrystal,70,-191718.828125,66860.7265625,23669.275390625
FGItemPickup_Spawnable_UAID_40B076DF2F795ED701_1232931762,ModularFrameHeavy,19,-191550.28125,66771.03125,23728.048828125
FGItemPickup_Spawnable_UAID_40B076DF2F795ED701_1232932763,CircuitBoard,119,-191473.71875,65714.4375,23697.185546875
FGItemPickup_Spawnable_UAID_40B076DF2F795ED701_1232908759,ModularFrameHeavy,11,-190929.5,66034.671875,23729.328125
FGItemPickup_Spawnable_UAID_40B076DF2F795ED701_1232930761,Rubber,118,-191524.796875,67176.375,23684.873046875
FGItemPickup_Spawnable_UAID_40B076DF2F795ED701_1232933764,CrystalOscillator,12,-190797.1875,67873.1953125,23772.333984375
FGItemPickup_Spawnable_UAID_40B076DF2F79ACDD01_1525324833,ModularFrame,35,-187501.78125,71945.78125,-647.8575439453125
FGItemPickup_Spawnable_UAID_40B076DF2F795ADD01_1750249384,EquipmentDescriptorJumpingStilts,1,-189831.90625,74437.15625,5093.9501953125
FGItemPickup_Spawnable_UAID_40B076DF2F79A4DD01_2098139419,SteelPipe,124,-186009.96875,71163.4609375,-907.7071533203125
FGItemPickup_Spawnable_UAID_40B076DF2F7954DD01_1576152325,Spreadshot,3,-186653.484375,71978.703125,-620.948974609375
FGItemPickup_Spawnable_UAID_40B076DF2F79A2DD01_2087964066,ModularFrame,35,-186394.484375,72317.703125,-654.948974609375
FGItemPickup_Spawnable_UAID_40B076DF2F7941CE01_1657074156,Stator,74,-186342.1875,118494.203125,-1298.1287841796875
FGItemPickup_Spawnable_UAID_40B076DF2F7941CE01_1657072155,ModularFrameHeavy,20,-187943.828125,117654.7265625,-1573.432861328125
FGItemPickup_Spawnable_UAID_40B076DF2F7941CE01_1657076158,Stator,56,-188003.5625,113661.53125,-1384.3619384765625
FGItemPickup_Spawnable_UAID_40B076DF2F7941CE01_1657075157,Rubber,119,-187985.28125,116907.03125,-1589.9520263671875
FGItemPickup_Spawnable_UAID_40B076DF2F7941CE01_1657077159,HighSpeedWire,62,-187244.1875,117235.1953125,-1470.6661376953125
FGItemPickup_Spawnable_UAID_40B076DF2F7941CE01_1657047154,Motor,16,-186160.5,115933.671875,-1236.015380859375
FGItemPickup_Spawnable_UAID_40B076DF2F7943CE01_2038675489,SteelPlateReinforced,75,-258831.1875,107261.203125,-1641.1287841796875
FGItemPickup_Spawnable_UAID_40B076DF2F7943CE01_2038658488,SteelPlateReinforced,52,-260218.5625,103424.53125,-1643.3619384765625
FGItemPickup_Spawnable_UAID_40B076DF2F7943CE01_2038676490,Fuel,6,-260158.828125,106252.7265625,-1656.432861328125
FGItemPickup_Spawnable_UAID_40B076DF2F7943CE01_2038677491,Plastic,120,-260200.28125,105505.03125,-1631.9520263671875
FGItemPickup_Spawnable_UAID_40B076DF2F7943CE01_2038679493,Rubber,66,-258172.5,103983.671875,-1675.015380859375
FGItemPickup_Spawnable_UAID_40B076DF2F7943CE01_2038678492,Computer,10,-259459.1875,106550.1953125,-1630.6661376953125
FGItemPickup_Spawnable_UAID_40B076DF2F795ED701_1756216770,AluminumPlate,60,-165373.1875,156848.203125,12407.421875
FGItemPickup_Spawnable_UAID_40B076DF2F795ED701_1756193765,HighSpeedWire,75,-163853.5,156576.671875,12346.62109375
FGItemPickup_Spawnable_UAID_40B076DF2F795ED701_1756214768,Computer,36,-164143.28125,154549.03125,12423.9013671875
FGItemPickup_Spawnable_UAID_40B076DF2F795ED701_1756212766,QuartzCrystal,89,-165661.828125,156540.71875,12393.5673828125
FGItemPickup_Spawnable_UAID_40B076DF2F795ED701_1756213767,Plastic,107,-164507.1875,157067.203125,12433.87109375
FGItemPickup_Spawnable_UAID_40B076DF2F795ED701_1756215769,Plastic,133,-164749.5625,154390.53125,12389.4375
FGItemPickup_Spawnable_UAID_40B076DF2F79C0C501_1926587005,SteelPlateReinforced,32,-116427.6015625,169182.6875,210.9367218017578
FGItemPickup_Spawnable_UAID_40B076DF2F79C0C501_1926585003,IronPlateReinforced,75,-116524.1796875,169883.203125,229.8711700439453
FGItemPickup_Spawnable_UAID_40B076DF2F79C0C501_1926562001,CopperSheet,72,-115987.5,168763.671875,272.9845886230469
FGItemPickup_Spawnable_UAID_40B076DF2F79C0C501_1926584002,SteelPlate,88,-115959.28125,169552.03125,320.0480041503906
FGItemPickup_Spawnable_UAID_40B076DF2F79C0C501_1926588006,SteelPlateReinforced,26,-115179.1796875,169768.203125,432.33392333984375
FGItemPickup_Spawnable_UAID_40B076DF2F79C0C501_1926586004,IronPlateReinforced,54,-115060.5625,169497.53125,420.6380310058594
FGItemPickup_Spawnable_UAID_40B076DF2F79CFC401_1769786571,Rotor,45,-108638.28125,214652.03125,3212.048095703125
FGItemPickup_Spawnable_UAID_40B076DF2F79CFC401_1769749568,Cement,100,-107497.5625,214104.53125,3144.637939453125
FGItemPickup_Spawnable_UAID_40B076DF2F79CFC401_1769787572,SteelPipe,46,-107858.1796875,214868.203125,3171.333984375
FGItemPickup_Spawnable_UAID_40B076DF2F79CFC401_1769785570,IronPlateReinforced,37,-108819.5,213482.671875,3229.984619140625
FGItemPickup_Spawnable_UAID_40B076DF2F79CFC401_1769783569,Wire,132,-109203.1796875,214983.203125,3193.87109375
FGItemPickup_Spawnable_UAID_40B076DF2F79CFC401_1769788573,SpikedRebar,20,-109423.6015625,214265.6875,3166.936767578125
FGItemPickup_Spawnable_UAID_40B076DF2F795CC101_2070279162,IronScrew,120,-152663.0,228259.0,759.4031982421875
FGItemPickup_Spawnable_UAID_40B076DF2F795BC101_1789143985,Cement,108,-152906.0,228259.0,758.4031982421875
FGItemPickup_Spawnable_UAID_40B076DF2F795DC101_1146000340,Rotor,33,-153019.0,227571.0,651.4031982421875
FGItemPickup_Spawnable_UAID_40B076DF2F7951C101_2089542226,IronPlate,140,-152874.0,228807.0,850.0
FGItemPickup_Spawnable_UAID_40B076DF2F795AC101_1501791808,Cable,128,-151898.0,228593.0,794.4031982421875
FGItemPickup_Spawnable_UAID_40B076DF2F795DC101_1145974339,IronPlateReinforced,20,-153384.0,227826.0,696.4031982421875
FGItemPickup_Spawnable_UAID_40B076DF2F799EC101_1316629776,Wire,110,-79028.0,291697.0,-4851.48046875
FGItemPickup_Spawnable_UAID_40B076DF2F799EC101_1374507777,IronPlate,106,-78533.0,291841.0,-4824.1494140625
FGItemPickup_Spawnable_UAID_40B076DF2F799EC101_1478164780,Rotor,33,-79117.0,291096.0,-4861.1494140625
FGItemPickup_Spawnable_UAID_40B076DF2F799EC101_1374531778,Cable,100,-79366.0,291321.0,-4861.1494140625
FGItemPickup_Spawnable_UAID_40B076DF2F795DC101_1910607341,Cable,225,-78177.0,292164.0,-4804.1494140625
FGItemPickup_Spawnable_UAID_40B076DF2F799EC101_1478137779,ModularFrame,14,-78266.0,291563.0,-4806.1494140625
FGItemPickup_Spawnable_UAID_40B076DF2F79DFC201_1695657275,Wire,62,31851.0,266398.0,-1394.0
FGItemPickup_Spawnable_UAID_40B076DF2F79DFC201_1856481276,Rotor,35,31942.0,266633.0,-1400.0
FGItemPickup_Spawnable_UAID_40B076DF2F79DFC201_1856511277,IronPlateReinforced,19,30578.0,267987.0,-1273.0
FGItemPickup_Spawnable_UAID_40B076DF2F79DFC201_1638364273,Cement,124,29696.0,266783.0,-1334.0
FGItemPickup_Spawnable_UAID_40B076DF2F79DFC201_1481191272,IronRod,140,31512.0,266401.0,-1394.187744140625
FGItemPickup_Spawnable_UAID_40B076DF2F79DFC201_1695631274,IronScrew,86,32043.0,267671.0,-1386.0
FGItemPickup_Spawnable_UAID_40B076DF2F792FC301_1525774356,IronPlateReinforced,38,-9818.0,225840.0,-986.2720947265625
FGItemPickup_Spawnable_UAID_40B076DF2F792FC301_1520654355,Rotor,26,-9974.0,226686.0,-1098.4290771484375
FGItemPickup_Spawnable_UAID_40B076DF2F792FC301_1493836352,Cement,128,-9085.0,226318.0,-1063.4290771484375
FGItemPickup_Spawnable_UAID_40B076DF2F792FC301_1520628354,Cement,74,-8731.0,227267.0,-1130.4290771484375
FGItemPickup_Spawnable_UAID_40B076DF2F79F7C201_1202575504,Cable,124,-9495.0,227376.0,-1112.11376953125
FGItemPickup_Spawnable_UAID_40B076DF2F792FC301_1510733353,IronRod,74,-10129.0,226901.0,-1089.4290771484375
FGItemPickup_Spawnable_UAID_40B076DF2F79DAC401_1183609533,SpikedRebar,7,27423.8046875,195295.453125,17016.396484375
FGItemPickup_Spawnable_UAID_40B076DF2F79DAC401_1183606531,IronPlateReinforced,41,28986.8203125,194245.390625,17492.236328125
FGItemPickup_Spawnable_UAID_40B076DF2F79DAC401_1183577528,Cement,125,29313.5859375,193928.640625,17508.40234375
FGItemPickup_Spawnable_UAID_40B076DF2F79DAC401_1183605530,Rotor,43,27779.48046875,193944.015625,17078.044921875
FGItemPickup_Spawnable_UAID_40B076DF2F79DAC401_1183604529,Cement,100,26727.818359375,194649.203125,17004.345703125
FGItemPickup_Spawnable_UAID_40B076DF2F79DAC401_1183607532,CopperSheet,55,27607.73828125,193694.375,17096.244140625
FGItemPickup_Spawnable_UAID_40B076DF2F79B6CC01_1637931638,SteelPlateReinforced,48,46246.0,221632.0,5798.0
FGItemPickup_Spawnable_UAID_40B076DF2F79B6CC01_1637930637,SteelPlate,127,47196.0,222618.0,5671.0
FGItemPickup_Spawnable_UAID_40B076DF2F79B6CC01_1637927635,Plastic,80,47288.0,221328.0,5785.0
FGItemPickup_Spawnable_UAID_40B076DF2F79B6CC01_1637932639,SteelPipe,134,46497.0,221164.0,5799.81201171875
FGItemPickup_Spawnable_UAID_40B076DF2F79B6CC01_1637929636,Spreadshot,7,47267.0,221931.0,5642.0
FGItemPickup_Spawnable_UAID_40B076DF2F79B6CC01_1637911634,SteelPlateReinforced,36,48147.0,221798.0,5809.0
FGItemPickup_Spawnable_UAID_40B076DF2F79B5CC01_2042510454,Motor,20,88732.0,189440.0,1314.0
FGItemPickup_Spawnable_UAID_40B076DF2F79B5CC01_2042510455,CopperSheet,132,87289.0,188866.0,1435.0
FGItemPickup_Spawnable_UAID_40B076DF2F79B5CC01_2042511456,Stator,43,87661.0,188656.0,1412.0
FGItemPickup_Spawnable_UAID_40B076DF2F79B5CC01_2042488452,SteelPlateReinforced,50,88121.0,189533.0,1371.0
FGItemPickup_Spawnable_UAID_40B076DF2F79B5CC01_2042508453,CircuitBoard,64,89501.0,188801.0,1256.0
FGItemPickup_Spawnable_UAID_40B076DF2F79B5CC01_2042512457,SteelPlate,130,89558.0,189706.0,1248.812255859375
FGItemPickup_Spawnable_UAID_40B076DF2F79F8CD01_1378167296,Rubber,64,120025.8828125,222007.265625,-7442.0
FGItemPickup_Spawnable_UAID_40B076DF2F79F8CD01_1378145294,HighSpeedWire,35,117665.6875,222916.75,-6975.0
FGItemPickup_Spawnable_UAID_40B076DF2F79F8CD01_1378169298,Computer,8,118397.0,223269.0,-6903.0
FGItemPickup_Spawnable_UAID_40B076DF2F79F8CD01_1378170299,Stator,63,117137.0859375,222670.328125,-7009.18798828125
FGItemPickup_Spawnable_UAID_40B076DF2F79F8CD01_1378168297,CircuitBoard,111,118619.5703125,220004.921875,-7451.0
FGItemPickup_Spawnable_UAID_40B076DF2F79F8CD01_1378166295,SteelPlateReinforced,55,118283.5546875,220785.3125,-7441.0
FGItemPickup_Spawnable_UAID_40B076DF2F79F8CD01_1178478289,Stator,51,174779.28125,244471.0,-9798.84375
FGItemPickup_Spawnable_UAID_40B076DF2F79F8CD01_1178481292,ModularFrameHeavy,7,177080.0,243929.0,-9647.0
FGItemPickup_Spawnable_UAID_40B076DF2F79F8CD01_1178480291,Plastic,108,175526.0,244857.0,-9750.0009765625
FGItemPickup_Spawnable_UAID_40B076DF2F79F8CD01_1178457288,NobeliskGas,5,176213.0,244441.0,-9723.0
FGItemPickup_Spawnable_UAID_40B076DF2F79F8CD01_1178479290,Motor,17,174434.0,243680.0,-9842.095703125
FGItemPickup_Spawnable_UAID_40B076DF2F79F8CD01_1178482293,Stator,58,177208.0,244045.0,-9686.1875
FGItemPickup_Spawnable_UAID_40B076DF2F793ACE01_1848712908,Motor,17,184579.0,222561.0,-3631.09619140625
FGItemPickup_Spawnable_UAID_40B076DF2F793ACE01_1848677904,Stator,70,185190.0,223154.0,-3550.0
FGItemPickup_Spawnable_UAID_40B076DF2F793ACE01_1848708907,ModularFrameHeavy,15,186239.0,222987.0,-3412.0
FGItemPickup_Spawnable_UAID_40B076DF2F793ACE01_1848704905,HighSpeedWire,7,187217.0,222562.0,-3192.0
FGItemPickup_Spawnable_UAID_40B076DF2F793ACE01_1848705906,Motor,26,185601.0,222432.0,-3538.001220703125
FGItemPickup_Spawnable_UAID_40B076DF2F793ACE01_1848715909,SteelPlateReinforced,59,187345.0,222678.0,-3259.187744140625
FGItemPickup_Spawnable_UAID_40B076DF2F793CCE01_1578761271,Fuel,5,157242.0,190736.0,-9154.0
FGItemPickup_Spawnable_UAID_40B076DF2F793CCE01_1578764273,Stator,72,158753.0,191316.0,-9144.1875
FGItemPickup_Spawnable_UAID_40B076DF2F793CCE01_1578736268,SteelPlateReinforced,61,155280.0,190587.0,-9194.0
FGItemPickup_Spawnable_UAID_40B076DF2F793CCE01_1578760270,CircuitBoard,75,156816.0,191075.0,-9228.0009765625
FGItemPickup_Spawnable_UAID_40B076DF2F793CCE01_1578763272,Rubber,111,155644.0,189969.0,-9108.095703125
FGItemPickup_Spawnable_UAID_40B076DF2F793CCE01_1578756269,Computer,18,158370.0,190147.0,-8996.0
FGItemPickup_Spawnable_UAID_40B076DF2F793CCE01_1553805265,Computer,10,185462.0,175539.0,6277.0
FGItemPickup_Spawnable_UAID_40B076DF2F793CCE01_1553803264,CircuitBoard,115,184949.0,176759.0,6246.99853515625
FGItemPickup_Spawnable_UAID_40B076DF2F793CCE01_1553781262,SteelPlateReinforced,63,184545.0,177062.0,6186.0
FGItemPickup_Spawnable_UAID_40B076DF2F793CCE01_1553809266,CircuitBoard,95,183857.0,175061.0,6132.90380859375
FGItemPickup_Spawnable_UAID_40B076DF2F793CCE01_1553802263,HighSpeedWire,35,186503.0,175310.0,6446.0
FGItemPickup_Spawnable_UAID_40B076DF2F793CCE01_1553812267,SteelPlateReinforced,69,186630.515625,175426.0625,6459.783203125
FGItemPickup_Spawnable_UAID_40B076DF2F796AE101_1745826421,Silica,55,221489.34375,185604.1875,11613.48828125
FGItemPickup_Spawnable_UAID_40B076DF2F796AE101_1745829423,Computer,17,219704.0,185042.0,11558.2392578125
FGItemPickup_Spawnable_UAID_40B076DF2F796AE101_1745831425,CrystalOscillator,40,219452.078125,186406.9375,11596.166015625
FGItemPickup_Spawnable_UAID_40B076DF2F796AE101_1745830424,HighSpeedWire,88,220418.234375,186206.125,11541.7626953125
FGItemPickup_Spawnable_UAID_40B076DF2F796AE101_1745806420,Rubber,146,221231.546875,186681.265625,11606.986328125
FGItemPickup_Spawnable_UAID_40B076DF2F796AE101_1745827422,Rubber,134,219935.0,186410.0,11736.0
FGItemPickup_Spawnable_UAID_40B076DF2F79DACE01_1155110072,Rubber,140,150177.0,147164.0,7626.81201171875
FGItemPickup_Spawnable_UAID_40B076DF2F79DACE01_1155114075,ModularFrameHeavy,25,148798.6875,146347.765625,7780.92333984375
FGItemPickup_Spawnable_UAID_40B076DF2F79DACE01_1155090070,Silica,45,151624.078125,145858.484375,7750.029296875
FGItemPickup_Spawnable_UAID_40B076DF2F79DACE01_1155109071,QuartzCrystal,75,150321.515625,145916.6875,7758.2177734375
FGItemPickup_Spawnable_UAID_40B076DF2F79DACE01_1155111073,Motor,35,148302.46875,146368.234375,7815.0576171875
FGItemPickup_Spawnable_UAID_40B076DF2F79DACE01_1155113074,ModularFrameHeavy,30,149974.609375,146763.0,7682.09130859375
FGItemPickup_Spawnable_UAID_40B076DF2F7904D201_1917486626,Motor,27,201150.0,133488.0,7110.81201171875
FGItemPickup_Spawnable_UAID_40B076DF2F7904D201_1917441624,Silica,65,201184.34375,132530.1875,6812.6806640625
FGItemPickup_Spawnable_UAID_40B076DF2F7904D201_1917489627,Rubber,128,199854.0,133218.0,6701.0
FGItemPickup_Spawnable_UAID_40B076DF2F7904D201_1917492629,HighSpeedWire,91,199623.0,131850.0,6638.2392578125
FGItemPickup_Spawnable_UAID_40B076DF2F7904D201_1917491628,ModularFrameHeavy,27,200337.234375,133014.125,6744.7626953125
FGItemPickup_Spawnable_UAID_40B076DF2F7904D201_1917484625,CartridgeStandard,16,200506.71875,133136.953125,6814.419921875
FGItemPickup_Spawnable_UAID_40B076DF2F790ED201_1745600390,AluminumPlate,67,241788.546875,132320.09375,17014.568359375
FGItemPickup_Spawnable_UAID_40B076DF2F790ED201_1745628395,ModularFrameHeavy,23,240195.0625,131629.1875,16983.619140625
FGItemPickup_Spawnable_UAID_40B076DF2F790ED201_1745627393,Motor,28,240434.59375,132935.03125,17078.876953125
FGItemPickup_Spawnable_UAID_40B076DF2F790ED201_1745625391,PackagedBiofuel,6,241256.109375,132761.421875,17053.515625
FGItemPickup_Spawnable_UAID_40B076DF2F790ED201_1745628394,Computer,35,240656.765625,132547.53125,17048.421875
FGItemPickup_Spawnable_UAID_40B076DF2F790ED201_1745626392,CircuitBoard,104,241499.828125,133234.1875,17004.458984375
FGItemPickup_Spawnable_UAID_40B076DF2F79ADD201_1203915375,AluminumPlateReinforced,6,259666.21875,125420.4140625,-2751.126220703125
FGItemPickup_Spawnable_UAID_40B076DF2F79ADD201_1203913373,AluminumPlate,60,258749.265625,124281.0390625,-2778.936279296875
FGItemPickup_Spawnable_UAID_40B076DF2F79ADD201_1203915376,Silica,62,259430.015625,125427.125,-2764.7109375
FGItemPickup_Spawnable_UAID_40B076DF2F79ADD201_1203914374,HighSpeedWire,105,259160.15625,125516.8203125,-2770.380126953125
FGItemPickup_Spawnable_UAID_40B076DF2F79ADD201_1203916377,ModularFrameHeavy,27,259948.171875,125932.3984375,-2744.63232421875
FGItemPickup_Spawnable_UAID_40B076DF2F79ADD201_1203882372,ElectromagneticControlRod,67,260060.28125,124890.8125,-2728.1640625
FGItemPickup_Spawnable_UAID_40B076DF2F790FD201_1548949575,AluminumCasing,55,226387.28125,99903.3671875,7190.4052734375
FGItemPickup_Spawnable_UAID_40B076DF2F790FD201_1548951577,CircuitBoard,100,225491.546875,100133.1875,7234.08203125
FGItemPickup_Spawnable_UAID_40B076DF2F790FD201_1548950576,Motor,19,226975.546875,100203.1875,7212.89404296875
FGItemPickup_Spawnable_UAID_40B076DF2F790FD201_1548952579,Computer,20,225531.546875,99264.1875,7263.3212890625
FGItemPickup_Spawnable_UAID_40B076DF2F790FD201_1548952578,HighSpeedWire,80,226443.78125,100680.3046875,7210.8447265625
FGItemPickup_Spawnable_UAID_40B076DF2F790FD201_1548923574,CrystalOscillator,37,227056.90625,99557.375,7161.7626953125
FGItemPickup_Spawnable_UAID_40B076DF2F79AED201_1278925559,HighSpeedWire,110,286988.1875,73160.390625,-1640.916259765625
FGItemPickup_Spawnable_UAID_40B076DF2F79AED201_1278922556,Computer,25,286872.59375,72929.1640625,-1666.833740234375
FGItemPickup_Spawnable_UAID_40B076DF2F79AED201_1278923557,ModularFrameFused,9,287187.71875,72754.265625,-1647.430419921875
FGItemPickup_Spawnable_UAID_40B076DF2F79AED201_1278921555,QuartzCrystal,75,286287.5625,71432.8359375,-1665.007080078125
FGItemPickup_Spawnable_UAID_40B076DF2F7973D601_1399877415,Computer,25,233658.140625,77299.5390625,-1664.079345703125
FGItemPickup_Spawnable_UAID_40B076DF2F7973D601_1399859414,Silica,90,233806.15625,78554.7578125,-1666.68701171875
FGItemPickup_Spawnable_UAID_40B076DF2F7973D601_1399880417,Computer,25,233207.796875,79056.5390625,-1643.578369140625
FGItemPickup_Spawnable_UAID_40B076DF2F7973D601_1399883419,HighSpeedConnector,5,234255.640625,80359.6953125,-1670.0462646484375
FGItemPickup_Spawnable_UAID_40B076DF2F7973D601_1399881418,CoolingSystem,15,233503.765625,75763.9140625,-1659.958984375
FGItemPickup_Spawnable_UAID_40B076DF2F7973D601_1399878416,AluminumPlate,75,231971.984375,76542.390625,-1667.03857421875
FGItemPickup_Spawnable_UAID_40B076DF2F79AED201_1679192563,TurboFuel,5,249309.296875,59066.765625,-1507.9266357421875
FGItemPickup_Spawnable_UAID_40B076DF2F79AED201_1679189561,AluminumCasing,67,248901.65625,58164.65234375,-1660.28564453125
FGItemPickup_Spawnable_UAID_40B076DF2F79AED201_1679190562,HighSpeedWire,125,249392.875,59909.12890625,-1105.745361328125
FGItemPickup_Spawnable_UAID_40B076DF2F79AED201_1679193564,Silica,69,250437.5625,60080.37890625,-1351.0146484375
FGItemPickup_Spawnable_UAID_40B076DF2F79AED201_1679167560,HighSpeedConnector,17,250121.515625,59157.62109375,-1429.7542724609375
FGItemPickup_Spawnable_UAID_40B076DF2F79AED201_1679194565,Computer,27,250592.8125,59149.38671875,-1379.3492431640625
FGItemPickup_Spawnable_UAID_40B076DF2F79AED201_1278898554,CoolingSystem,17,288622.15625,72076.75,-1609.62841796875
FGItemPickup_Spawnable_UAID_40B076DF2F79AED201_1278924558,CrystalOscillator,30,288053.78125,74818.4453125,-1655.7283935546875
FGItemPickup_Spawnable_UAID_40B076DF2F79AED201_1894813571,Computer,31,272086.875,29579.16796875,-1677.978759765625
FGItemPickup_Spawnable_UAID_40B076DF2F79AED201_1894811569,ElectromagneticControlRod,37,271136.71875,29856.962890625,-1643.8759765625
FGItemPickup_Spawnable_UAID_40B076DF2F79AED201_1894785566,MotorLightweight,7,274765.78125,26955.76171875,-1667.8232421875
FGItemPickup_Spawnable_UAID_40B076DF2F79AED201_1894812570,AluminumPlate,171,271510.625,29439.888671875,-1664.8450927734375
FGItemPickup_Spawnable_UAID_40B076DF2F79AED201_1894810568,ModularFrameHeavy,28,272391.25,28927.951171875,-1767.2010498046875
FGItemPickup_Spawnable_UAID_40B076DF2F79AED201_1894808567,QuartzCrystal,101,273087.09375,26235.44140625,-1667.6661376953125
FGItemPickup_Spawnable_UAID_40B076DF2F79AED201_1940795577,HighSpeedWire,149,292652.90625,2605.50341796875,773.8316040039062
FGItemPickup_Spawnable_UAID_40B076DF2F79AED201_1940791573,CrystalOscillator,59,291452.71875,1889.6563720703125,802.5924682617188
FGItemPickup_Spawnable_UAID_40B076DF2F79AED201_1940794576,Silica,63,291091.34375,2658.77392578125,869.7711181640625
FGItemPickup_Spawnable_UAID_40B076DF2F79AED201_1940792574,ModularFrameHeavy,29,291363.875,2695.968017578125,829.1729125976562
FGItemPickup_Spawnable_UAID_40B076DF2F79AED201_1940793575,HighSpeedConnector,27,291314.15625,2850.7578125,843.0955200195312
FGItemPickup_Spawnable_UAID_40B076DF2F79AED201_1940769572,ElectromagneticControlRod,40,292458.9375,1616.680908203125,753.1085205078125
FGItemPickup_Spawnable_UAID_40B076DF2F7971D601_1955788061,CoolingSystem,20,233786.0,28674.24609375,-1691.0927734375
FGItemPickup_Spawnable_UAID_40B076DF2F7971D601_1955784057,HighSpeedWire,117,232935.140625,25841.5390625,-1597.079345703125
FGItemPickup_Spawnable_UAID_40B076DF2F7971D601_1955765056,AluminumPlate,68,233205.671875,27156.779296875,-1752.038818359375
FGItemPickup_Spawnable_UAID_40B076DF2F7971D601_1955787060,ElectromagneticControlRod,19,232008.6875,25226.845703125,-1723.688232421875
FGItemPickup_Spawnable_UAID_40B076DF2F7971D601_1955786059,HighSpeedWire,123,232581.796875,27659.537109375,-1728.10107421875
FGItemPickup_Spawnable_UAID_40B076DF2F7971D601_1955785058,Silica,89,231251.75,25149.935546875,-1755.800537109375
FGItemPickup_Spawnable_UAID_40B076DF2F7970D601_1742964877,ModularFrameHeavy,39,217744.796875,1710.4521484375,-1676.0201416015625
FGItemPickup_Spawnable_UAID_40B076DF2F7970D601_1742965878,CoolingSystem,15,215675.765625,2013.9141845703125,-1665.31689453125
FGItemPickup_Spawnable_UAID_40B076DF2F7970D601_1742963876,QuartzCrystal,77,214649.953125,-879.6430053710938,-1656.7686767578125
FGItemPickup_Spawnable_UAID_40B076DF2F7970D601_1742966879,ModularFrameFused,7,217660.09375,1175.421630859375,-1667.1119384765625
FGItemPickup_Spawnable_UAID_40B076DF2F7970D601_1742942874,QuartzCrystal,68,219883.78125,-939.1320190429688,-1667.3857421875
FGItemPickup_Spawnable_UAID_40B076DF2F7970D601_1742962875,Computer,37,218284.140625,1684.538330078125,-1666.079345703125
FGItemPickup_Spawnable_UAID_40B076DF2F79DAD401_1816353488,Silica,72,189675.359375,16546.466796875,13074.90234375
FGItemPickup_Spawnable_UAID_40B076DF2F79DAD401_1816348486,ModularFrameHeavy,33,189824.6875,17747.9609375,13068.7509765625
FGItemPickup_Spawnable_UAID_40B076DF2F79DAD401_1816337485,HighSpeedWire,116,188778.671875,17505.453125,12992.75
FGItemPickup_Spawnable_UAID_40B076DF2F79DAD401_1816333484,AluminumPlateReinforced,16,187619.453125,16483.072265625,13038.775390625
FGItemPickup_Spawnable_UAID_40B076DF2F79DAD401_1816305483,Silica,63,188036.078125,16286.3876953125,13041.443359375
FGItemPickup_Spawnable_UAID_40B076DF2F79DAD401_1816350487,NobeliskShockwave,2,187926.25,18031.3125,12956.017578125
FGItemPickup_Spawnable_UAID_40B076DF2F796CD601_1908096166,AluminumPlate,72,190811.953125,36890.35546875,5536.73876953125
FGItemPickup_Spawnable_UAID_40B076DF2F796CD601_1908097167,Computer,28,190999.796875,38317.5390625,5253.89892578125
FGItemPickup_Spawnable_UAID_40B076DF2F796CD601_1908094165,Computer,26,191409.140625,38311.5390625,5164.92041015625
FGItemPickup_Spawnable_UAID_40B076DF2F7970D601_1288619873,HighSpeedConnector,17,190480.390625,37959.54296875,5410.6845703125
FGItemPickup_Spawnable_UAID_40B076DF2F796CD601_1908069164,CrystalOscillator,36,191355.78125,37187.8671875,5528.85546875
FGItemPickup_Spawnable_UAID_40B076DF2F796CD601_1908098168,NobeliskCluster,2,190017.765625,38288.9140625,5890.68310546875
FGItemPickup_Spawnable_UAID_40B076DF2F79DACE01_1143869068,Computer,23,164480.0,61281.9921875,21342.998046875
FGItemPickup_Spawnable_UAID_40B076DF2F79DACE01_1143870069,ModularFrameHeavy,16,163350.0,60144.0,21226.904296875
FGItemPickup_Spawnable_UAID_40B076DF2F79DACE01_1143868067,Plastic,102,162944.0,60794.0,21198.0
FGItemPickup_Spawnable_UAID_40B076DF2F79DACE01_1143841064,AluminumPlate,45,166078.0,60264.0,21235.0
FGItemPickup_Spawnable_UAID_40B076DF2F79DACE01_1143866066,Motor,30,166650.0,61451.0,21174.8125
FGItemPickup_Spawnable_UAID_40B076DF2F79DACE01_1143866065,AluminumCasing,50,164914.0,60939.0,21217.0
FGItemPickup_Spawnable_UAID_40B076DF2F7948CE01_1418403388,SteelPlateReinforced,70,160430.0,-39944.0,14975.98046875
FGItemPickup_Spawnable_UAID_40B076DF2F79D5D401_1691666581,HighSpeedWire,119,170932.296875,-10920.712890625,15869.458984375
FGItemPickup_Spawnable_UAID_40B076DF2F79D5D401_1691675583,HighSpeedWire,134,171472.03125,-10932.6630859375,15862.1142578125
FGItemPickup_Spawnable_UAID_40B076DF2F79D5D401_1691662580,AluminumPlate,78,171376.640625,-10385.34765625,15799.578125
FGItemPickup_Spawnable_UAID_40B076DF2F79D5D401_1691679584,CartridgeSmart,17,170644.28125,-10718.935546875,15861.802734375
FGItemPickup_Spawnable_UAID_40B076DF2F79D5D401_1691639579,AluminumPlate,89,170984.40625,-12098.0849609375,15919.1875
FGItemPickup_Spawnable_UAID_40B076DF2F7948CE01_1418401387,HighSpeedWire,37,157381.0,-39247.0,13723.8369140625
FGItemPickup_Spawnable_UAID_40B076DF2F7948CE01_1418409391,Rubber,65,156727.0,-39824.0,13731.193359375
FGItemPickup_Spawnable_UAID_40B076DF2F7948CE01_1418408390,Computer,15,156745.0,-40537.0,13497.6181640625
FGItemPickup_Spawnable_UAID_40B076DF2F7948CE01_1418372386,Stator,74,158095.0,-43909.0,12635.396484375
FGItemPickup_Spawnable_UAID_40B076DF2F7948CE01_1418406389,Plastic,98,158230.0,-43309.0,12706.7333984375
FGItemPickup_Spawnable_UAID_40B076DF2F797BC501_1541725849,CopperSheet,110,124736.6796875,-35340.33203125,8083.931640625
FGItemPickup_Spawnable_UAID_40B076DF2F797BC501_1541722846,CopperSheet,95,125940.765625,-33378.24609375,8243.7392578125
FGItemPickup_Spawnable_UAID_40B076DF2F797BC501_1541724848,Rotor,63,125112.59375,-34038.2109375,8191.5556640625
FGItemPickup_Spawnable_UAID_40B076DF2F797BC501_1541726850,Stator,17,126423.59375,-34685.25,8158.26220703125
FGItemPickup_Spawnable_UAID_40B076DF2F797BC501_1541723847,Rotor,70,126110.8515625,-34232.30859375,8179.09033203125
FGItemPickup_Spawnable_UAID_40B076DF2F797BC501_1541700845,Stator,35,125622.921875,-33525.82421875,8232.5576171875
FGItemPickup_Spawnable_UAID_40B076DF2F797BC501_1624851855,SteelPlate,80,111703.5546875,-52913.5546875,16832.228515625
FGItemPickup_Spawnable_UAID_40B076DF2F797BC501_1624852856,Stator,15,112101.3203125,-54031.94140625,16991.365234375
FGItemPickup_Spawnable_UAID_40B076DF2F797BC501_1624850854,IronPlateReinforced,55,110983.9765625,-53001.65625,16816.373046875
FGItemPickup_Spawnable_UAID_40B076DF2F797BC501_1624849853,Rotor,68,112179.8203125,-53247.3671875,16860.775390625
FGItemPickup_Spawnable_UAID_40B076DF2F797BC501_1624848852,SteelPipe,66,112768.7109375,-54149.9140625,16972.8359375
FGItemPickup_Spawnable_UAID_40B076DF2F797BC501_1624824851,SteelPlateReinforced,40,111402.90625,-52885.58203125,16835.052734375
FGItemPickup_Spawnable_UAID_40B076DF2F7926C501_1523414936,IronPlateReinforced,32,89095.828125,-63591.81640625,13805.7109375
FGItemPickup_Spawnable_UAID_40B076DF2F7926C501_1523413935,IronPlate,145,87354.671875,-63703.26171875,13406.7470703125
FGItemPickup_Spawnable_UAID_40B076DF2F7926C501_1523382934,IronScrew,132,85803.0,-63202.0,13058.396484375
FGItemPickup_Spawnable_UAID_40B076DF2F7926C501_1523415937,IronPlateReinforced,39,86774.8984375,-62754.71484375,13218.080078125
FGItemPickup_Spawnable_UAID_40B076DF2F7926C501_1523417939,ModularFrame,11,87285.8671875,-63874.15625,13391.84765625
FGItemPickup_Spawnable_UAID_40B076DF2F7926C501_1523416938,CopperSheet,30,86622.1953125,-63094.73046875,13239.6650390625
FGItemPickup_Spawnable_UAID_40B076DF2F7922C501_1444870225,Cement,122,79259.0,-44820.0,8262.98046875
FGItemPickup_Spawnable_UAID_40B076DF2F7922C501_1444833224,Cement,112,78241.0,-43734.0,8214.396484375
FGItemPickup_Spawnable_UAID_40B076DF2F7922C501_1444874228,ModularFrame,19,79047.0,-44448.0,8239.8369140625
FGItemPickup_Spawnable_UAID_40B076DF2F7922C501_1444872226,Rotor,35,80688.0,-43642.0,8187.19287109375
FGItemPickup_Spawnable_UAID_40B076DF2F7922C501_1444873227,Rotor,54,80151.0,-43817.0,8243.7333984375
FGItemPickup_Spawnable_UAID_40B076DF2F7922C501_1444875229,SpikedRebar,8,80113.0,-44803.0,8348.6181640625
FGItemPickup_Spawnable_UAID_40B076DF2F79A0CD01_1139932807,Rubber,34,56088.0,-51383.0,13933.8369140625
FGItemPickup_Spawnable_UAID_40B076DF2F79A0CD01_1139937810,Stator,33,56224.0,-51012.0,13854.7333984375
FGItemPickup_Spawnable_UAID_40B076DF2F79A0CD01_1139935809,SteelPlateReinforced,55,56864.0,-50221.0,13745.193359375
FGItemPickup_Spawnable_UAID_40B076DF2F79A0CD01_1139933808,CopperSheet,139,55533.0,-51724.0,13975.98046875
FGItemPickup_Spawnable_UAID_40B076DF2F79A0CD01_1139909806,SteelPlate,143,54910.0,-49718.0,13857.396484375
FGItemPickup_Spawnable_UAID_40B076DF2F79A0CD01_1139939811,Filter,5,55807.0,-50701.0,13821.6181640625
FGItemPickup_Spawnable_UAID_40B076DF2F799ACD01_1565899746,CopperSheet,141,64828.0,-14621.0,13197.98046875
FGItemPickup_Spawnable_UAID_40B076DF2F799ACD01_1565903749,Motor,7,66971.0,-13986.0,13339.6181640625
FGItemPickup_Spawnable_UAID_40B076DF2F799ACD01_1565901748,SteelPlateReinforced,41,67009.0,-13000.0,13333.7333984375
FGItemPickup_Spawnable_UAID_40B076DF2F799ACD01_1565900747,Stator,33,67133.0,-12735.0,13304.193359375
FGItemPickup_Spawnable_UAID_40B076DF2F799ACD01_1565897745,CircuitBoard,79,66177.0,-13901.0,13302.8369140625
FGItemPickup_Spawnable_UAID_40B076DF2F799ACD01_1565876744,CopperSheet,111,65129.0,-12222.0,13184.396484375
FGItemPickup_Spawnable_UAID_40B076DF2F79A4CD01_1683955517,CircuitBoard,40,9423.0,-43305.0,13137.8369140625
FGItemPickup_Spawnable_UAID_40B076DF2F79A4CD01_1683957518,SteelPlate,123,7694.0,-44360.0,13115.98046875
FGItemPickup_Spawnable_UAID_40B076DF2F79A4CD01_1683959520,Stator,56,9849.0,-42575.0,13108.7333984375
FGItemPickup_Spawnable_UAID_40B076DF2F79A4CD01_1683958519,Stator,47,9392.0,-42560.0,13086.193359375
FGItemPickup_Spawnable_UAID_40B076DF2F79A4CD01_1683960521,CircuitBoard,54,10806.0,-43776.0,13115.6181640625
FGItemPickup_Spawnable_UAID_40B076DF2F79A4CD01_1683933516,SteelPipe,103,8077.0,-42615.0,13143.396484375
FGItemPickup_Spawnable_UAID_40B076DF2F79A5CD01_1152038699,Plastic,47,-5778.0,-75962.0,13641.8369140625
FGItemPickup_Spawnable_UAID_40B076DF2F79A5CD01_1152041701,SteelPlateReinforced,48,-4946.0,-77388.0,13636.193359375
FGItemPickup_Spawnable_UAID_40B076DF2F79A5CD01_1152042702,SteelPlateReinforced,31,-4488.0,-75644.0,13586.7333984375
FGItemPickup_Spawnable_UAID_40B076DF2F79A5CD01_1152043703,NobeliskExplosive,4,-5216.0,-76994.0,13638.6181640625
FGItemPickup_Spawnable_UAID_40B076DF2F79A5CD01_1152039700,ModularFrame,26,-6915.0,-76948.0,13695.98046875
FGItemPickup_Spawnable_UAID_40B076DF2F79A5CD01_1152016698,SteelPlate,133,-6431.0,-75791.0,13614.396484375
FGItemPickup_Spawnable_UAID_40B076DF2F79FACB01_1981079546,IronPlateReinforced,34,-55184.7109375,-73600.2421875,27724.251953125
FGItemPickup_Spawnable_UAID_40B076DF2F79FACB01_1981111549,Stator,31,-55128.484375,-72210.8203125,27821.201171875
FGItemPickup_Spawnable_UAID_40B076DF2F79FACB01_1981109548,Stator,37,-55619.796875,-72591.6484375,27720.142578125
FGItemPickup_Spawnable_UAID_40B076DF2F79FACB01_1981108547,SteelPlate,100,-54951.6875,-72060.828125,27895.8046875
FGItemPickup_Spawnable_UAID_40B076DF2F79FACB01_1981112550,Rotor,70,-55469.66796875,-72875.0,27734.953125
FGItemPickup_Spawnable_UAID_40B076DF2F79FACB01_1981113551,SteelPlate,69,-55319.4453125,-72473.953125,27785.724609375
FGItemPickup_Spawnable_UAID_40B076DF2F79B9CB01_1159305096,Stator,25,-88983.7890625,-49355.515625,16042.44921875
FGItemPickup_Spawnable_UAID_40B076DF2F79B9CB01_1159309099,CopperSheet,74,-88544.0,-50158.0,16074.5712890625
FGItemPickup_Spawnable_UAID_40B076DF2F79B9CB01_1159306097,SteelPlateReinforced,31,-89877.8359375,-49104.546875,15961.6767578125
FGItemPickup_Spawnable_UAID_40B076DF2F79B9CB01_1159278094,IronPlateReinforced,50,-89702.0,-49475.0,15961.6181640625
FGItemPickup_Spawnable_UAID_40B076DF2F79B9CB01_1159304095,SteelPipe,117,-89620.65625,-48549.94140625,16042.7685546875
FGItemPickup_Spawnable_UAID_40B076DF2F79B9CB01_1159308098,Rotor,75,-89871.0,-49970.0,15953.4990234375
FGItemPickup_Spawnable_UAID_40B076DF2F79C0CB01_1734761332,Rotor,71,-29168.173828125,-23330.703125,17425.849609375
FGItemPickup_Spawnable_UAID_40B076DF2F79C0CB01_1734787333,SteelPlate,77,-29307.126953125,-21740.6171875,17453.20703125
FGItemPickup_Spawnable_UAID_40B076DF2F79C0CB01_1734790336,Rotor,66,-29647.83984375,-22771.130859375,17392.369140625
FGItemPickup_Spawnable_UAID_40B076DF2F79C0CB01_1734788334,SpikedRebar,8,-29615.076171875,-22315.080078125,17380.4453125
FGItemPickup_Spawnable_UAID_40B076DF2F79C0CB01_1734789335,Stator,27,-29114.201171875,-21939.326171875,17431.015625
FGItemPickup_Spawnable_UAID_40B076DF2F79C0CB01_1734791337,ModularFrame,69,-29685.486328125,-22049.970703125,17384.0078125
FGItemPickup_Spawnable_UAID_40B076DF2F798DD401_1515422868,CartridgeSmart,17,-32609.076171875,4099.91943359375,23453.4453125
FGItemPickup_Spawnable_UAID_40B076DF2F798DD401_1515425870,Silica,120,-33486.3984375,4391.0712890625,23370.4609375
FGItemPickup_Spawnable_UAID_40B076DF2F798DD401_1515388865,ModularFrameHeavy,30,-32358.685546875,2449.85986328125,23548.44921875
FGItemPickup_Spawnable_UAID_40B076DF2F798DD401_1515423869,ElectromagneticControlRod,17,-33910.90625,5020.861328125,23299.953125
FGItemPickup_Spawnable_UAID_40B076DF2F798DD401_1515417866,QuartzCrystal,92,-32376.27734375,4937.69384765625,23575.037109375
FGItemPickup_Spawnable_UAID_40B076DF2F798DD401_1515421867,Computer,35,-32612.83984375,3618.8701171875,23459.369140625
FGItemPickup_Spawnable_UAID_40B076DF2F798AD401_1214894335,MotorLightweight,17,-93533.3203125,6503.9443359375,25127.998046875
FGItemPickup_Spawnable_UAID_40B076DF2F798AD401_1214886333,HighSpeedWire,122,-95344.0703125,8630.9599609375,25143.701171875
FGItemPickup_Spawnable_UAID_40B076DF2F798AD401_1214804331,Wire,117,-94686.5390625,7113.10546875,25201.037109375
FGItemPickup_Spawnable_UAID_40B076DF2F798AD401_1214890334,ModularFrameFused,19,-94612.078125,7420.91943359375,25141.4453125
FGItemPickup_Spawnable_UAID_40B076DF2F798AD401_1214895336,AluminumCasing,98,-95235.4921875,9213.1865234375,25144.203125
FGItemPickup_Spawnable_UAID_40B076DF2F798AD401_1214884332,AluminumPlate,102,-93539.8828125,8300.134765625,25108.56640625
FGItemPickup_Spawnable_UAID_40B076DF2F7945D301_1571588162,AluminumCasing,100,-95077.515625,39841.98046875,21191.2734375
FGItemPickup_Spawnable_UAID_40B076DF2F7945D301_1571672166,HighSpeedWire,150,-95816.25,40941.7109375,21208.4765625
FGItemPickup_Spawnable_UAID_40B076DF2F7945D301_1571674167,Computer,40,-91098.1328125,41734.53515625,20160.150390625
FGItemPickup_Spawnable_UAID_40B076DF2F7945D301_1571668163,Silica,94,-93395.03125,43185.3828125,19765.841796875
FGItemPickup_Spawnable_UAID_40B076DF2F7945D301_1571671165,MotorLightweight,18,-91760.1015625,42419.578125,19953.5390625
FGItemPickup_Spawnable_UAID_40B076DF2F7945D301_1571670164,HighSpeedConnector,39,-96358.484375,41565.8671875,21220.748046875
FGItemPickup_Spawnable_UAID_40B076DF2F79FCD201_2085617290,AluminumCasing,89,-78133.90625,90648.9375,20162.30078125
FGItemPickup_Spawnable_UAID_40B076DF2F79FCD201_2085719291,AluminumCasing,99,-76966.703125,91372.796875,20234.267578125
FGItemPickup_Spawnable_UAID_40B076DF2F79FCD201_2085721293,HighSpeedConnector,35,-76476.7265625,90871.4921875,20250.322265625
FGItemPickup_Spawnable_UAID_40B076DF2F79FCD201_2085725295,Computer,33,-77445.40625,89912.3671875,20194.89453125
FGItemPickup_Spawnable_UAID_40B076DF2F79FCD201_2085720292,PackagedBiofuel,7,-77287.828125,91759.2421875,20218.748046875
FGItemPickup_Spawnable_UAID_40B076DF2F79FCD201_2085723294,HighSpeedWire,117,-77241.1875,89637.7109375,20212.7265625
FGItemPickup_Spawnable_UAID_40B076DF2F79C4C501_1269682711,SteelPipe,68,-108638.5,107073.671875,9989.984375
FGItemPickup_Spawnable_UAID_40B076DF2F79C4C501_1269707716,SteelPlateReinforced,20,-108073.1796875,108672.1953125,9855.333984375
FGItemPickup_Spawnable_UAID_40B076DF2F79C4C501_1269703712,ModularFrame,28,-108392.28125,108322.03125,9943.0478515625
FGItemPickup_Spawnable_UAID_40B076DF2F79C4C501_1269706715,Stunshot,10,-108784.8359375,108263.7265625,9930.5673828125
FGItemPickup_Spawnable_UAID_40B076DF2F79C4C501_1269705714,IronPlateReinforced,58,-107493.5625,108264.53125,9903.6376953125
FGItemPickup_Spawnable_UAID_40B076DF2F79C4C501_1269704713,Rotor,53,-109058.1796875,108773.203125,9893.87109375
FGItemPickup_Spawnable_UAID_40B076DF2F79FED201_1915244650,CoolingSystem,37,-41430.96875,64067.7890625,25808.853515625
FGItemPickup_Spawnable_UAID_40B076DF2F79FED201_1915247652,Computer,26,-41486.33203125,62611.25390625,25945.537109375
FGItemPickup_Spawnable_UAID_40B076DF2F79FED201_1915149648,AluminumPlate,68,-41706.03125,63447.36328125,25847.119140625
FGItemPickup_Spawnable_UAID_40B076DF2F79FED201_1915243649,Silica,78,-40374.83984375,63780.34765625,25835.078125
FGItemPickup_Spawnable_UAID_40B076DF2F79FED201_1915246651,ElectromagneticControlRod,31,-39957.32421875,63711.11328125,25850.767578125
FGItemPickup_Spawnable_UAID_40B076DF2F79FED201_1915248653,Computer,30,-40511.546875,62645.91796875,25980.705078125
FGItemPickup_Spawnable_UAID_40B076DF2F798FD401_1647584226,MotorLightweight,11,-4361.408203125,62057.0390625,21994.3984375
FGItemPickup_Spawnable_UAID_40B076DF2F798FD401_1647548223,HighSpeedWire,150,-1435.11376953125,61439.9296875,21766.787109375
FGItemPickup_Spawnable_UAID_40B076DF2F798FD401_1647580225,ModularFrameHeavy,26,-3874.544677734375,63110.5546875,22008.509765625
FGItemPickup_Spawnable_UAID_40B076DF2F798FD401_1647591228,QuartzCrystal,87,-3891.614990234375,62239.703125,22057.55078125
FGItemPickup_Spawnable_UAID_40B076DF2F798FD401_1647577224,AluminumCasing,111,-3423.33935546875,63368.5078125,21851.970703125
FGItemPickup_Spawnable_UAID_40B076DF2F798FD401_1647587227,CoolingSystem,22,-2991.825927734375,62518.27734375,21897.501953125
FGItemPickup_Spawnable_UAID_40B076DF2F79CAD401_1917983629,ElectromagneticControlRod,40,36245.5,16086.876953125,22530.26953125
FGItemPickup_Spawnable_UAID_40B076DF2F79CAD401_1917980628,HighSpeedConnector,21,35442.94921875,17666.091796875,22521.13671875
FGItemPickup_Spawnable_UAID_40B076DF2F79CAD401_1917976627,ModularFrameHeavy,34,34268.21484375,16332.1435546875,22513.591796875
FGItemPickup_Spawnable_UAID_40B076DF2F79CAD401_1917942625,Computer,36,36371.921875,15041.5283203125,22571.544921875
FGItemPickup_Spawnable_UAID_40B076DF2F79CAD401_1917986630,AluminumCasing,69,33739.3828125,14172.4638671875,22536.046875
FGItemPickup_Spawnable_UAID_40B076DF2F79CAD401_1917972626,AluminumCasing,113,34265.0859375,15918.9384765625,22549.275390625
FGItemPickup_Spawnable_UAID_40B076DF2F79D6D401_1547215761,AluminumPlate,112,114765.96875,22138.234375,16479.37109375
FGItemPickup_Spawnable_UAID_40B076DF2F79D6D401_1547242763,ModularFrameHeavy,33,115242.1328125,20669.9765625,16592.390625
FGItemPickup_Spawnable_UAID_40B076DF2F79D6D401_1547247764,Computer,26,116635.65625,22239.875,16780.640625
FGItemPickup_Spawnable_UAID_40B076DF2F79D6D401_1547255766,QuartzCrystal,97,115846.3671875,20480.990234375,16789.7109375
FGItemPickup_Spawnable_UAID_40B076DF2F79D9D401_2121776306,CrystalOscillator,35,121694.703125,44478.82421875,17306.357421875
FGItemPickup_Spawnable_UAID_40B076DF2F79D4D401_2023555397,QuartzCrystal,119,143992.859375,36937.00390625,17194.83984375
FGItemPickup_Spawnable_UAID_40B076DF2F79D4D401_2023582399,Computer,36,143640.890625,37587.9453125,17179.810546875
FGItemPickup_Spawnable_UAID_40B076DF2F79D4D401_2023578398,AluminumCasing,74,143740.9375,37028.08203125,17172.2578125
FGItemPickup_Spawnable_UAID_40B076DF2F79D4D401_2023590401,HighSpeedWire,102,144925.359375,37432.43359375,17162.666015625
FGItemPickup_Spawnable_UAID_40B076DF2F79D9D401_2121738301,AluminumPlate,116,121290.21875,46404.74609375,17417.63671875
FGItemPickup_Spawnable_UAID_40B076DF2F79D9D401_2121764303,ModularFrameHeavy,29,121705.015625,45152.8125,17371.728515625
FGItemPickup_Spawnable_UAID_40B076DF2F79D9D401_2121768304,HighSpeedWire,111,122317.03125,46471.3203125,17429.41015625
FGItemPickup_Spawnable_UAID_40B076DF2F79D4D401_1296409391,Silica,62,95017.140625,47621.83984375,9513.8759765625
FGItemPickup_Spawnable_UAID_40B076DF2F79D4D401_1296434392,QuartzCrystal,78,93086.2265625,47915.92578125,9553.6845703125
FGItemPickup_Spawnable_UAID_40B076DF2F79D4D401_1296450396,Explosive,5,94725.3828125,47770.34765625,9546.501953125
FGItemPickup_Spawnable_UAID_40B076DF2F79D4D401_1296437393,ModularFrameHeavy,25,93692.15625,48559.65234375,9709.146484375
FGItemPickup_Spawnable_UAID_40B076DF2F79D4D401_1296446395,HighSpeedWire,100,94791.7109375,48566.5234375,9771.6884765625
FGItemPickup_Spawnable_UAID_40B076DF2F795CD601_1800392339,ElectromagneticControlRod,18,145919.703125,93689.171875,25558.58984375
FGItemPickup_Spawnable_UAID_40B076DF2F795CD601_1800391338,MotorLightweight,8,146738.453125,93091.140625,25493.01171875
FGItemPickup_Spawnable_UAID_40B076DF2F795CD601_1800365336,AluminumPlate,68,145843.84375,92643.328125,25431.90234375
FGItemPickup_Spawnable_UAID_40B076DF2F795CD601_1800394341,Computer,28,147097.546875,94014.046875,25566.75390625
FGItemPickup_Spawnable_UAID_40B076DF2F795CD601_1800393340,AluminumCasing,60,145663.359375,93713.59375,25564.462890625
FGItemPickup_Spawnable_UAID_40B076DF2F795CD601_1800389337,ModularFrameHeavy,37,144805.4375,92872.3125,25454.802734375
FGItemPickup_Spawnable_UAID_40B076DF2F79DACE01_1166764077,PackagedBiofuel,9,183179.828125,95315.5078125,17877.279296875
FGItemPickup_Spawnable_UAID_40B076DF2F79DACE01_1166768080,Computer,27,181995.4375,94864.5,17919.099609375
FGItemPickup_Spawnable_UAID_40B076DF2F79DACE01_1166767079,CircuitBoard,117,181264.0,94525.0,17910.0
FGItemPickup_Spawnable_UAID_40B076DF2F79DACE01_1166769081,HighSpeedWire,89,181405.0,93599.0,17806.904296875
FGItemPickup_Spawnable_UAID_40B076DF2F79DACE01_1166766078,Rubber,125,183810.0,95313.0,17812.0625
FGItemPickup_Spawnable_UAID_40B076DF2F79DACE01_1166745076,CrystalOscillator,17,183206.96875,92863.28125,17666.7890625
FGItemPickup_Spawnable_UAID_40B076DF2F7978D501_1524878342,HighSpeedWire,144,93835.359375,106407.0546875,9869.162109375
FGItemPickup_Spawnable_UAID_40B076DF2F7978D501_1524875341,ElectromagneticControlRod,42,94006.9921875,105147.203125,9865.736328125
FGItemPickup_Spawnable_UAID_40B076DF2F7978D501_1524871338,HighSpeedWire,113,92263.0234375,104961.4296875,9867.17578125
FGItemPickup_Spawnable_UAID_40B076DF2F7978D501_1524872339,AluminumPlate,113,94107.6171875,105957.6953125,9858.9296875
FGItemPickup_Spawnable_UAID_40B076DF2F7978D501_1524874340,CrystalOscillator,42,92377.390625,106230.3671875,9868.7958984375
FGItemPickup_Spawnable_UAID_40B076DF2F7978D501_1524845337,ModularFrameFused,7,93391.1171875,106433.4453125,9865.3037109375
FGItemPickup_Spawnable_UAID_40B076DF2F7960D601_1844995051,ModularFrameHeavy,25,91655.7265625,129117.1953125,9208.5048828125
FGItemPickup_Spawnable_UAID_40B076DF2F7960D601_1844994050,QuartzCrystal,40,90286.578125,128804.4765625,9236.447265625
FGItemPickup_Spawnable_UAID_40B076DF2F7960D601_1844991047,HighSpeedWire,123,91068.2109375,129519.7421875,9096.7509765625
FGItemPickup_Spawnable_UAID_40B076DF2F7960D601_1844993049,ModularFrameFused,8,90497.359375,128846.0078125,9233.7177734375
FGItemPickup_Spawnable_UAID_40B076DF2F7960D601_1844992048,CartridgeSmart,6,91185.4453125,127556.3515625,9551.623046875
FGItemPickup_Spawnable_UAID_40B076DF2F7960D601_1844966046,QuartzCrystal,30,90192.6328125,127981.953125,9434.3505859375
FGItemPickup_Spawnable_UAID_40B076DF2F79D7C401_1165879991,IronPlateReinforced,28,66450.71875,157601.03125,13624.0478515625
FGItemPickup_Spawnable_UAID_40B076DF2F79D7C401_1165881993,SteelPlate,20,65566.3984375,156835.6875,13991.9365234375
FGItemPickup_Spawnable_UAID_40B076DF2F79D7C401_1165878990,Rotor,50,66115.5,156219.671875,13899.984375
FGItemPickup_Spawnable_UAID_40B076DF2F79D7C401_1165850988,IronScrew,122,67671.4375,156323.53125,13416.6376953125
FGItemPickup_Spawnable_UAID_40B076DF2F79D7C401_1165876989,Wire,118,65786.8203125,157553.203125,13787.87109375
FGItemPickup_Spawnable_UAID_40B076DF2F79D7C401_1165880992,CopperSheet,72,66643.8203125,157183.203125,13621.333984375
FGItemPickup_Spawnable_UAID_40B076DF2F7975D501_1911653803,ElectromagneticControlRod,20,46730.0,141184.0,13115.1572265625
FGItemPickup_Spawnable_UAID_40B076DF2F7975D501_1911687806,AluminumCasing,111,45712.48828125,140979.40625,13196.6474609375
FGItemPickup_Spawnable_UAID_40B076DF2F7975D501_1911686805,Silica,62,45875.2421875,139919.90625,13249.2724609375
FGItemPickup_Spawnable_UAID_40B076DF2F7975D501_1911685804,HighSpeedWire,100,44856.03515625,140137.453125,13294.4697265625
FGItemPickup_Spawnable_UAID_40B076DF2F7975D501_1911690808,ModularFrameHeavy,26,47171.3828125,141158.578125,13088.5576171875
FGItemPickup_Spawnable_UAID_40B076DF2F7975D501_1911688807,HighSpeedConnector,15,47116.82421875,140255.46875,13155.248046875
FGItemPickup_Spawnable_UAID_40B076DF2F79D8C401_1437003171,Wire,146,20175.818359375,131241.203125,2595.221435546875
FGItemPickup_Spawnable_UAID_40B076DF2F79D8C401_1437006174,SteelPipe,44,20566.408203125,130296.6796875,3010.23046875
FGItemPickup_Spawnable_UAID_40B076DF2F79D8C401_1437007175,ModularFrame,17,20317.005859375,131771.109375,2415.571533203125
FGItemPickup_Spawnable_UAID_40B076DF2F79D8C401_1437005173,Rotor,42,20874.72265625,131705.03125,2652.048095703125
FGItemPickup_Spawnable_UAID_40B076DF2F79D8C401_1437004172,Rotor,57,20627.49609375,130515.671875,2958.42724609375
FGItemPickup_Spawnable_UAID_40B076DF2F79D8C401_1436977170,Cable,120,21451.435546875,131122.53125,2918.541748046875
FGItemPickup_Spawnable_UAID_40B076DF2F79C8D401_1691497268,Silica,89,11194.39453125,114606.46875,26723.85546875
FGItemPickup_Spawnable_UAID_40B076DF2F79C8D401_1691499269,HighSpeedWire,121,12052.5078125,113337.640625,26512.1875
FGItemPickup_Spawnable_UAID_40B076DF2F79C8D401_1691510272,CrystalOscillator,52,13166.248046875,114409.0078125,26382.498046875
FGItemPickup_Spawnable_UAID_40B076DF2F79C8D401_1691503270,ModularFrameFused,8,11324.384765625,113763.1015625,26734.048828125
FGItemPickup_Spawnable_UAID_40B076DF2F79C8D401_1691507271,MotorLightweight,19,13600.95703125,114210.9375,26424.455078125
FGItemPickup_Spawnable_UAID_40B076DF2F79C8D401_1691398267,HighSpeedWire,147,13787.4013671875,113097.90625,26462.01953125
FGItemPickup_Spawnable_UAID_40B076DF2F798FD401_1902840234,AluminumPlate,119,-36410.484375,116474.0546875,21722.0078125
FGItemPickup_Spawnable_UAID_40B076DF2F798FD401_1902836233,ElectromagneticControlRod,27,-34269.19140625,116722.5859375,21730.9140625
FGItemPickup_Spawnable_UAID_40B076DF2F798FD401_1902833232,HighSpeedConnector,29,-34273.90234375,115892.0078125,21735.083984375
FGItemPickup_Spawnable_UAID_40B076DF2F798FD401_1902826230,CrystalOscillator,68,-34646.23828125,117169.3984375,21754.408203125
FGItemPickup_Spawnable_UAID_40B076DF2F798FD401_1902798229,ModularFrameHeavy,33,-36466.171875,115506.296875,21720.849609375
FGItemPickup_Spawnable_UAID_40B076DF2F798FD401_1902829231,ModularFrameHeavy,36,-34825.83984375,115875.8671875,21734.369140625
FGItemPickup_Spawnable_UAID_40B076DF2F79D2C401_1944043106,SteelPlate,44,-42465.1796875,146424.203125,7635.25048828125
FGItemPickup_Spawnable_UAID_40B076DF2F79D2C401_1944044107,Biofuel,14,-43852.59765625,145574.6875,7395.9365234375
FGItemPickup_Spawnable_UAID_40B076DF2F79D2C401_1944040103,Cable,104,-43037.1796875,146932.203125,7478.7392578125
FGItemPickup_Spawnable_UAID_40B076DF2F79D2C401_1944014102,IronPlate,122,-42220.5625,145746.53125,7674.63818359375
FGItemPickup_Spawnable_UAID_40B076DF2F79D2C401_1944041104,IronPlateReinforced,33,-42500.50390625,145153.671875,7627.984375
FGItemPickup_Spawnable_UAID_40B076DF2F79D2C401_1944042105,Rotor,40,-43379.27734375,146294.03125,7440.515625
